"","CSID","hrelsat1","hrelsat2","hrelsat3","hrelsat5","hrelsat6","hrelsat7","wrelsat1","wrelsat2","wrelsat3","wrelsat5","wrelsat6","wrelsat7","hexposure","wexposure","time1","time2","time3","time5","time6","time7","hsupp3","wsupp3","hps3","wps3","H5_BEF1","H5_Bef2r","H5_DUR1","H5_DUR4","H5_DUR5","H5_DUR6","H5_DUR8","H5_DUR11","H5_DUR12r","H5_DUR14","H5_DUR15_a","H5_DUR15_b","H5_DUR15_c","H5_DUR15_d","H5_DUR15_e","H5_DUR15_f","H5_DUR16r","H5_DUR17r","W5_BEF1","W5_Bef2r","W5_DUR1","W5_DUR4","W5_DUR5","W5_DUR6","W5_DUR8","W5_DUR11","W5_DUR12r","W5_DUR14","W5_DUR15_a","W5_DUR15_b","W5_DUR15_c","W5_DUR15_d","W5_DUR15_e","W5_DUR15_f","W5_DUR16r","W5_DUR17r","c_nmis_post","missing"
"1",10056,49,49,45,49,47,49,45,45,49,42,26,40,1,2,-2.34633812457221,-1.55783709787817,-0.848733744010951,0.383299110198494,0.919917864476386,1.43463381245722,0.666666666666667,1.33333333333333,1,1,0,0,0,0,0,0,0,0,0,0,0,0,0,0,0,0,0,1,0,0,1,0,0,0,0,0,0,0,0,0,0,0,0,0,0,1,0,0
"2",10060,46,34,36,NA,NA,NA,45,14,45,NA,NA,NA,4,NA,-2.3709787816564,-1.6208076659822,-0.851471594798084,0.394250513347023,NA,NA,1.75,1,0.6,0.333333333333333,0,0,1,1,1,0,0,0,1,0,0,0,0,0,0,0,0,0,NA,NA,NA,NA,NA,NA,NA,NA,NA,NA,NA,NA,NA,NA,NA,NA,NA,NA,6,1
"3",10073,47,49,48,46,50,47,43,51,51,51,51,51,5,5,-2.34907597535934,-1.60164271047228,-0.739219712525667,0.342231348391513,0.930869267624914,1.45653661875428,2,1.75,0.888888888888889,0.4,0,0,1,1,1,0,0,1,0,0,0,0,1,0,0,0,0,0,0,0,1,1,1,0,0,0,0,0,1,0,0,0,0,1,0,0,0,0
"4",10080,50,50,47,46,43,45,51,48,49,45,47,49,7,5,-2.43668720054757,-1.63449691991786,-0.733744010951403,0.364134154688569,0.917180013689254,1.3990417522245,2,1.75,0,1,1,0,1,1,1,0,0,0,1,0,0,0,0,0,0,0,1,1,1,0,1,1,0,0,0,0,1,0,0,0,0,0,0,0,1,0,0,0
"5",10081,16,NA,NA,NA,NA,NA,19,NA,NA,NA,NA,NA,NA,NA,-2.38193018480493,NA,NA,NA,NA,NA,NA,NA,NA,NA,NA,NA,NA,NA,NA,NA,NA,NA,NA,NA,NA,NA,NA,NA,NA,NA,NA,NA,NA,NA,NA,NA,NA,NA,NA,NA,NA,NA,NA,NA,NA,NA,NA,NA,NA,NA,6,1
"6",10089,44,45,45,49,46,41,29,31,33,40,2,15,3,6,-2.16016427104723,-1.40999315537303,-0.698151950718686,0.342231348391513,0.930869267624914,1.3990417522245,0,0.5,0.2,1,0,0,1,0,0,0,0,0,0,0,0,0,0,0,0,0,1,1,0,0,1,0,1,0,0,0,NA,0,0,1,1,0,0,0,1,1,0,0
"7",10098,47,NA,NA,NA,NA,NA,27,NA,NA,NA,NA,NA,NA,NA,-2.13826146475017,NA,NA,NA,NA,NA,NA,NA,NA,NA,NA,NA,NA,NA,NA,NA,NA,NA,NA,NA,NA,NA,NA,NA,NA,NA,NA,NA,NA,NA,NA,NA,NA,NA,NA,NA,NA,NA,NA,NA,NA,NA,NA,NA,NA,NA,6,1
"8",10102,45,26,41,42,46,44,49,46,50,48,50,47,5,4,-2.40930869267625,-1.67830253251198,-0.950034223134839,0.487337440109514,0.993839835728953,1.40999315537303,0.666666666666667,1,0.555555555555556,0.222222222222222,1,0,0,1,0,0,0,0,0,0,0,1,0,0,0,0,1,1,1,0,1,0,0,0,0,0,0,0,0,0,0,0,0,0,1,1,0,0
"9",10108,49,48,46,46,43,47,28,22,26,27,27,34,2,4,-2.44216290212183,-1.6208076659822,-0.845995893223819,0.380561259411362,0.933607118412047,1.3990417522245,0.5,1,0.444444444444444,0.7,0,0,1,0,0,0,0,0,0,0,0,0,1,0,0,0,0,0,0,0,1,0,0,0,0,0,0,0,0,0,1,0,0,0,1,1,0,0
"10",10125,42,33,31,50,41,49,49,48,50,50,49,49,6,6,-2.32991101984942,-1.52772073921971,-0.796714579055442,0.629705681040383,1.02395619438741,1.66187542778919,1,0.5,0,0.2,1,1,0,1,1,0,0,0,0,0,0,0,0,0,0,0,1,1,1,0,1,1,1,0,0,0,0,0,0,0,0,0,0,0,1,1,0,0
"11",10126,40,NA,NA,NA,NA,NA,36.6666666666667,NA,NA,NA,NA,NA,NA,NA,-2.19849418206708,NA,NA,NA,NA,NA,NA,NA,NA,NA,NA,NA,NA,NA,NA,NA,NA,NA,NA,NA,NA,NA,NA,NA,NA,NA,NA,NA,NA,NA,NA,NA,NA,NA,NA,NA,NA,NA,NA,NA,NA,NA,NA,NA,NA,NA,6,1
"12",10144,50,39,30,51,48,51,48,47,38,51,51,50,5,10,-2.42573579739904,-1.5523613963039,-0.851471594798084,0.629705681040383,1.01026694045175,1.3990417522245,0.5,1.25,1.16666666666667,0.666666666666667,0,0,1,0,1,0,0,0,0,0,0,0,1,0,0,1,0,1,0,0,1,1,1,0,0,1,0,0,1,1,0,1,1,0,1,1,0,0
"13",10162,49,50,36,NA,33,18,43,40,37,22,18,19,2,0,-2.38466803559206,-1.38261464750171,-0.835044490075291,0.416153319644079,0.939082819986311,1.66187542778919,1,1.5,0.111111111111111,1.22222222222222,1,0,1,0,0,0,0,0,0,0,0,0,0,0,0,0,0,0,0,0,0,0,0,0,0,0,0,0,0,0,0,0,0,0,0,0,1,0
"14",10166,46,45,NA,NA,NA,NA,48,49,NA,NA,NA,NA,3,7,-2.35455167693361,-1.57973990417522,NA,NA,NA,NA,NA,NA,NA,NA,1,0,1,1,0,0,0,0,0,0,0,0,0,0,0,0,0,0,1,0,0,1,1,0,0,0,0,0,1,1,1,0,1,0,0,0,6,1
"15",10212,44,46,41,NA,NA,NA,49,47,27,48,45,49,NA,1,-2.34907597535934,-1.25667351129363,-0.777549623545517,0.459958932238193,1.08966461327858,1.77686516084873,0.25,1,0.444444444444444,0,NA,NA,NA,NA,NA,NA,NA,NA,NA,NA,NA,NA,NA,NA,NA,NA,NA,NA,0,0,1,0,0,0,0,0,0,0,0,0,0,0,0,0,0,0,3,0
"16",10240,45,48,47,NA,NA,NA,42,43,46,NA,NA,NA,NA,NA,-2.32991101984942,-1.54414784394251,-0.835044490075291,NA,NA,NA,1.33333333333333,1.33333333333333,0.333333333333333,0.875,NA,NA,NA,NA,NA,NA,NA,NA,NA,NA,NA,NA,NA,NA,NA,NA,NA,NA,NA,NA,NA,NA,NA,NA,NA,NA,NA,NA,NA,NA,NA,NA,NA,NA,NA,NA,6,1
"17",10241,34,36,36,49,50,47,42,39,39,48,37,34,6,1,-2.19575633127995,-1.30321697467488,-0.65160848733744,0.487337440109514,0.991101984941821,1.68377823408624,1.25,1,0,0.714285714285714,0,0,1,0,1,0,0,1,0,0,1,0,0,0,0,0,1,1,1,0,0,0,0,0,0,0,0,0,0,0,0,0,0,0,0,0,0,0
"18",10253,34,NA,NA,NA,NA,NA,18,NA,NA,NA,NA,NA,NA,NA,-2.2861054072553,NA,NA,NA,NA,NA,NA,NA,NA,NA,NA,NA,NA,NA,NA,NA,NA,NA,NA,NA,NA,NA,NA,NA,NA,NA,NA,NA,NA,NA,NA,NA,NA,NA,NA,NA,NA,NA,NA,NA,NA,NA,NA,NA,NA,NA,6,1
"19",10261,18,NA,49,NA,NA,NA,30,NA,44,NA,NA,NA,NA,NA,-2.217659137577,NA,-0.684462696783025,NA,NA,NA,1.75,2,0.2,0.444444444444444,NA,NA,NA,NA,NA,NA,NA,NA,NA,NA,NA,NA,NA,NA,NA,NA,NA,NA,NA,NA,NA,NA,NA,NA,NA,NA,NA,NA,NA,NA,NA,NA,NA,NA,NA,NA,6,1
"20",10297,50,NA,NA,47,48,49,42,NA,NA,21,32,40,4,4,-2.42847364818617,NA,NA,0.487337440109514,0.97741273100616,1.4839151266256,NA,NA,NA,NA,1,0,1,1,1,0,0,0,0,0,0,0,0,0,0,0,0,0,0,0,1,1,1,0,0,0,0,0,0,0,0,0,0,0,1,0,0,0
"21",10302,32,49,29,51,23,NA,44,21,20,48,49,24,0,5,-2.43121149897331,-1.61259411362081,-0.739219712525667,0.506502395619439,1.00752908966461,1.77686516084873,0.75,1,0,0.8,0,0,0,0,0,0,0,0,0,0,0,0,0,0,0,0,0,0,0,0,0,0,0,0,0,0,0,0,0,0,1,1,1,1,0,1,1,0
"22",10315,40,34,33,37,33,38,51,48,45,45,46,48,0,1,-2.35181382614648,-1.58521560574949,-0.777549623545517,0.396988364134155,1.01574264202601,1.53319644079398,2,2,0.285714285714286,0.25,0,0,0,0,0,0,0,0,0,0,0,0,0,0,0,0,0,0,0,0,1,0,0,0,0,0,0,0,0,0,0,0,0,0,0,0,0,0
"23",10343,48,48,44,49,48,49,47,48,42,15,9,15,1,7,-2.33264887063655,-1.56331279945243,-0.780287474332649,0.42984257357974,0.930869267624914,1.53045859000684,1.25,0.75,0.222222222222222,0.888888888888889,0,0,1,0,0,0,0,0,0,0,0,0,0,0,0,0,0,0,0,0,1,1,1,0,0,0,0,0,1,1,0,0,0,0,1,1,0,0
"24",10390,29,26,NA,32,19,25,22,9,NA,3,23,9,8,7,-2.39561943874059,-1.65366187542779,NA,0.54757015742642,0.996577686516085,1.43737166324435,NA,NA,NA,NA,0,1,1,1,1,0,0,1,0,0,0,1,0,0,0,0,1,1,0,1,1,1,1,0,0,0,0,0,0,1,0,0,0,0,1,1,0,0
"25",10391,38,33,26,NA,NA,NA,43,44,24,NA,NA,NA,NA,NA,-2.3709787816564,-1.54688569472964,-0.626967830253251,NA,NA,NA,2,2,0.5,0.428571428571429,NA,NA,NA,NA,NA,NA,NA,NA,NA,NA,NA,NA,NA,NA,NA,NA,NA,NA,NA,NA,NA,NA,NA,NA,NA,NA,NA,NA,NA,NA,NA,NA,NA,NA,NA,NA,6,1
"26",10406,44,50,45,NA,NA,NA,45,48,50,47,49,48,NA,6,-2.45859000684463,-1.65092402464066,-0.884325804243669,0.553045859000684,1.1937029431896,1.76865160848734,1.25,2,0,0.444444444444444,NA,NA,NA,NA,NA,NA,NA,NA,NA,NA,NA,NA,NA,NA,NA,NA,NA,NA,0,1,1,0,1,0,0,0,0,0,0,0,1,0,0,0,1,1,3,0
"27",10422,48,38,27,15,15,18,50,50,48,45,44,44,10,9,-2.32717316906229,-1.59890485968515,-0.698151950718686,0.459958932238193,0.996577686516085,1.43737166324435,1,2,0.9,0.777777777777778,1,1,1,1,1,0,0,0,1,0,0,0,1,0,0,1,1,1,1,1,1,1,1,0,0,0,0,0,0,0,1,1,0,0,1,1,0,0
"28",10451,44,41,43,51,NA,NA,47,45,46,47,NA,NA,2,4,-2.11635865845311,-1.23477070499658,-0.602327173169062,0.588637919233402,NA,NA,2,1.75,0.1,0.625,1,0,1,0,0,0,0,0,0,0,0,0,0,0,0,0,0,0,1,0,1,0,0,0,0,0,0,0,1,1,0,0,0,0,0,0,4,0
"29",10454,39,NA,NA,NA,NA,NA,36,NA,NA,NA,NA,NA,NA,NA,-2.3709787816564,NA,NA,NA,NA,NA,NA,NA,NA,NA,NA,NA,NA,NA,NA,NA,NA,NA,NA,NA,NA,NA,NA,NA,NA,NA,NA,NA,NA,NA,NA,NA,NA,NA,NA,NA,NA,NA,NA,NA,NA,NA,NA,NA,NA,NA,6,1
"30",10462,50,49,42,51,NA,NA,51.25,47,47,50,NA,NA,6,1,-2.09445585215606,-0.761122518822724,-0.109514031485284,0.618754277891855,NA,NA,0.75,1,0.222222222222222,0.5,1,0,1,1,1,0,0,0,0,0,0,0,0,1,0,1,0,0,0,0,0,1,0,0,0,0,0,0,0,0,0,0,0,0,0,0,4,0
"31",10470,45,41,46,47,39,NA,51,45,27,35,47,NA,5,3,-2.07802874743326,-1.34428473648186,-0.596851471594798,0.342231348391513,0.917180013689254,NA,1.25,2,0.857142857142857,0.7,0,1,1,1,1,0,0,0,0,0,0,0,0,0,0,0,1,0,0,1,1,0,1,0,0,0,0,0,0,0,0,0,0,0,0,0,2,0
"32",10482,49,47,51,NA,NA,NA,47,41,49,NA,NA,NA,NA,NA,-2.35181382614648,-1.54962354551677,-0.848733744010951,NA,NA,NA,2,2,0.333333333333333,0.5,NA,NA,NA,NA,NA,NA,NA,NA,NA,NA,NA,NA,NA,NA,NA,NA,NA,NA,NA,NA,NA,NA,NA,NA,NA,NA,NA,NA,NA,NA,NA,NA,NA,NA,NA,NA,6,1
"33",10487,38,NA,NA,NA,NA,NA,45,NA,NA,NA,NA,NA,NA,NA,-2.31348391512663,NA,NA,NA,NA,NA,NA,NA,NA,NA,NA,NA,NA,NA,NA,NA,NA,NA,NA,NA,NA,NA,NA,NA,NA,NA,NA,NA,NA,NA,NA,NA,NA,NA,NA,NA,NA,NA,NA,NA,NA,NA,NA,NA,NA,NA,6,1
"34",10491,23,30,26,34,32,32,32,40,NA,42,38,31,5,2,-1.91375770020534,-1.1088295687885,-0.131416837782341,0.509240246406571,0.996577686516085,1.67282683093771,1.5,NA,0,NA,1,0,1,1,1,0,0,NA,0,0,0,0,0,0,0,0,0,1,0,0,1,0,0,0,0,1,0,0,0,0,0,0,0,0,0,0,0,0
"35",10505,42,39,33,NA,NA,NA,37,49,35,NA,NA,NA,NA,NA,-2.27515400410678,-1.54414784394251,-0.65160848733744,NA,NA,NA,0.25,2,1,0.222222222222222,NA,NA,NA,NA,NA,NA,NA,NA,NA,NA,NA,NA,NA,NA,NA,NA,NA,NA,NA,NA,NA,NA,NA,NA,NA,NA,NA,NA,NA,NA,NA,NA,NA,NA,NA,NA,6,1
"36",10508,48.75,34,38,48,42,48,51,40,51,51,50,50,1,1,-2.38740588637919,-1.56605065023956,-0.741957563312799,0.399726214921287,0.936344969199179,1.43463381245722,1,1,0,NA,0,0,1,0,0,0,0,0,0,0,0,0,0,0,0,0,0,0,0,0,1,0,0,0,0,0,0,0,0,0,0,0,0,0,0,0,0,0
"37",10528,46,49,48,49,47,48,47,37,45,28,44,40,2,3,-2.1409993155373,-1.39356605065024,-0.681724845995893,0.383299110198494,0.930869267624914,1.76865160848734,1.75,1.75,0.1,0.666666666666667,0,0,1,1,0,0,0,0,0,0,0,0,0,0,0,0,0,0,1,0,1,1,0,0,0,0,0,0,0,0,0,0,0,0,0,0,0,0
"38",10530,51,44,NA,NA,NA,NA,50,48,NA,NA,NA,NA,NA,NA,-2.29158110882957,-1.41273100616016,NA,NA,NA,NA,NA,NA,NA,NA,NA,NA,NA,NA,NA,NA,NA,NA,NA,NA,NA,NA,NA,NA,NA,NA,NA,NA,NA,NA,NA,NA,NA,NA,NA,NA,NA,NA,NA,NA,NA,NA,NA,NA,NA,NA,6,1
"39",10545,32,28,32,NA,NA,NA,40,41,40,42,24,NA,NA,2,-2.34907597535934,-1.57973990417522,-0.731006160164271,0.602327173169062,0.991101984941821,NA,1.66666666666667,1.66666666666667,0.888888888888889,0.888888888888889,NA,NA,NA,NA,NA,NA,NA,NA,NA,NA,NA,NA,NA,NA,NA,NA,NA,NA,0,0,1,0,0,0,0,1,0,0,0,0,0,0,0,0,0,0,4,0
"40",10557,30,36,11,NA,28,41,31,35,31,16,11,NA,NA,0,-2.29705681040383,-1.54688569472964,-0.678986995208761,0.553045859000684,0.996577686516085,1.76865160848734,1.25,NA,0.6,NA,NA,NA,NA,NA,NA,NA,NA,NA,NA,NA,NA,NA,NA,NA,NA,NA,NA,NA,0,0,0,0,0,0,0,0,0,0,0,0,0,0,0,0,0,0,2,0
"41",10560,31,NA,NA,NA,NA,NA,14,NA,NA,NA,NA,NA,NA,NA,-2.44490075290897,NA,NA,NA,NA,NA,NA,NA,NA,NA,NA,NA,NA,NA,NA,NA,NA,NA,NA,NA,NA,NA,NA,NA,NA,NA,NA,NA,NA,NA,NA,NA,NA,NA,NA,NA,NA,NA,NA,NA,NA,NA,NA,NA,NA,NA,6,1
"42",10567,19,NA,NA,NA,NA,NA,36,NA,NA,NA,NA,NA,NA,NA,-2.37371663244353,NA,NA,NA,NA,NA,NA,NA,NA,NA,NA,NA,NA,NA,NA,NA,NA,NA,NA,NA,NA,NA,NA,NA,NA,NA,NA,NA,NA,NA,NA,NA,NA,NA,NA,NA,NA,NA,NA,NA,NA,NA,NA,NA,NA,NA,6,1
"43",10569,35,34,29,39,33,42,43,39,42,38,36,43,5,5,-2.21492128678987,-1.39356605065024,-0.720054757015743,0.394250513347023,0.955509924709103,1.43189596167009,1,2,0.111111111111111,0.5,0,0,1,0,1,0,0,1,0,0,0,0,0,0,0,0,1,1,0,1,1,0,1,0,0,0,0,0,0,0,0,0,0,0,1,1,0,0
"44",10571,49,49,NA,NA,NA,NA,50,50,NA,NA,NA,NA,2,1,-2.24503764544832,-1.47843942505133,NA,NA,NA,NA,NA,NA,NA,NA,1,0,0,0,1,0,0,0,0,0,0,0,0,0,0,0,0,0,1,0,0,0,0,0,0,0,0,0,0,0,0,0,0,0,0,0,6,1
"45",10573,51,51,51,NA,NA,NA,51,43,49,NA,NA,NA,NA,NA,-2.34360027378508,-1.59616700889802,-0.80766598220397,NA,NA,NA,2,2,0.5,0.5,NA,NA,NA,NA,NA,NA,NA,NA,NA,NA,NA,NA,NA,NA,NA,NA,NA,NA,NA,NA,NA,NA,NA,NA,NA,NA,NA,NA,NA,NA,NA,NA,NA,NA,NA,NA,6,1
"46",10575,51,NA,50,51,50,51,45,NA,40,46,43,42,6,5,-2.41204654346338,NA,-0.941820670773443,0.364134154688569,1.00752908966461,1.43463381245722,2,1.33333333333333,0,0.5,1,1,1,1,1,0,0,0,0,0,0,0,0,0,0,0,0,1,1,0,1,1,1,0,0,0,0,0,0,0,0,0,0,0,0,1,0,0
"47",10577,49,49,50,50,48,50,39,46,45,44,48,49,4,2,-2.44490075290897,-1.65092402464066,-0.87337440109514,0.380561259411362,0.917180013689254,1.43463381245722,1,2,0.666666666666667,1,0,0,1,0,0,0,0,0,0,0,0,0,0,0,0,1,1,1,0,0,0,0,0,0,0,0,0,0,0,0,0,0,0,0,1,1,0,0
"48",10578,20,48,31,46,39,46,46,42,42,40,31,34,1,2,-2.26967830253251,-1.53045859000684,-0.720054757015743,0.396988364134155,0.919917864476386,1.43463381245722,1.25,2,1.1,0.25,0,0,1,0,0,0,0,0,0,0,0,0,0,0,0,0,0,0,1,0,1,0,0,0,0,0,0,0,0,0,0,0,0,0,0,0,0,0
"49",10591,40,48,48,51,40,33,50,44,38,50,24,31,3,13,-2.31074606433949,-1.52772073921971,-0.676249144421629,0.396988364134155,0.993839835728953,1.43463381245722,1,1.25,0.2,0.444444444444444,0,0,1,1,0,0,0,0,0,0,0,0,0,1,0,0,0,0,1,1,1,1,1,0,0,0,0,0,1,1,1,1,1,1,1,1,0,0
"50",10610,38,13,18,NA,NA,NA,45,36,18.8888888888889,NA,NA,NA,NA,NA,-2.32717316906229,-1.60711841204654,-0.848733744010951,NA,NA,NA,1.5,1.5,0.8,0.444444444444444,NA,NA,NA,NA,NA,NA,NA,NA,NA,NA,NA,NA,NA,NA,NA,NA,NA,NA,NA,NA,NA,NA,NA,NA,NA,NA,NA,NA,NA,NA,NA,NA,NA,NA,NA,NA,6,1
"51",10636,49,50,48,49,46,48,49,47,44,47,47,46,5,0,-2.11635865845311,-1.30321697467488,-0.544832306639288,0.418891170431211,0.917180013689254,1.43737166324435,2,1.5,0.444444444444444,0.666666666666667,0,0,1,1,1,0,0,1,0,0,0,0,0,0,0,0,0,1,0,0,0,0,0,0,0,0,0,0,0,0,0,0,0,0,0,0,0,0
"52",10637,47,NA,41,39,33,35,40,NA,32,48,49,43,0,1,-2.31074606433949,NA,-0.736481861738535,0.42984257357974,0.917180013689254,1.43189596167009,1,2,0,0.3,0,0,0,0,0,0,0,0,0,0,0,0,0,0,0,0,0,0,0,0,1,0,0,0,0,0,0,0,0,0,0,0,0,0,0,0,0,0
"53",10646,45,28,46,NA,NA,NA,38,42,40,NA,NA,NA,NA,NA,-2.25051334702259,-1.48939082819986,-0.563997262149213,NA,NA,NA,0.75,1,0.8,1,NA,NA,NA,NA,NA,NA,NA,NA,NA,NA,NA,NA,NA,NA,NA,NA,NA,NA,NA,NA,NA,NA,NA,NA,NA,NA,NA,NA,NA,NA,NA,NA,NA,NA,NA,NA,6,1
"54",10654,51,34,33,49,45,49,51,25,23,20,48,32,1,0,-2.1409993155373,-1.1854893908282,-0.648870636550308,0.407939767282683,0.939082819986311,1.43189596167009,2,0,0,0,0,0,0,1,0,0,0,0,0,0,0,0,0,0,0,0,0,0,0,0,0,0,0,0,0,0,0,0,0,0,0,0,0,0,0,0,0,0
"55",10665,43,NA,45,37,44,42,47,NA,21,46,8,49,2,2,-2.39014373716632,NA,-0.626967830253251,0.632443531827515,1.01026694045175,1.41820670773443,1.33333333333333,2,0.25,0.25,0,0,1,0,0,0,0,0,0,0,1,0,0,0,0,0,0,0,0,0,1,0,0,0,0,0,0,0,0,1,0,0,0,0,0,0,0,0
"56",10671,42,43,45,NA,NA,NA,51,51,49,NA,NA,NA,NA,7,-2.11088295687885,-1.11430527036277,-0.386036960985626,NA,NA,NA,0.75,0.25,0.111111111111111,0.3,NA,NA,NA,NA,NA,NA,NA,NA,NA,NA,NA,NA,NA,NA,NA,NA,NA,NA,0,0,1,1,1,0,0,0,0,0,1,1,0,1,0,0,0,1,6,1
"57",10695,28,22,23,31,NA,NA,42,49,32,51,NA,NA,5,8,-2.44490075290897,-1.62354551676934,-0.490075290896646,0.402464065708419,NA,NA,1,0.5,0.444444444444444,0.9,0,1,1,0,1,0,0,0,0,0,0,0,0,0,0,0,1,1,0,1,1,1,1,0,0,0,0,0,0,1,1,0,0,0,1,1,4,0
"58",10708,45,48,49,46.6666666666667,50,50,28,37,47,50,47,42,6,3,-2.07802874743326,-1.31143052703628,-0.574948665297741,0.509240246406571,0.97741273100616,1.67830253251198,1.5,1.75,0.1,0.666666666666667,0,0,1,1,1,0,0,0,0,0,1,0,0,0,0,0,1,1,0,0,1,0,0,0,0,0,0,0,0,0,0,0,0,0,1,1,0,0
"59",10713,49,47,50,51,51,49,51,42,44,34,51,43,4,3,-2.23956194387406,-1.1170431211499,-0.670773442847365,0.479123887748118,1.00479123887748,1.46475017111567,1,1,0.375,0.777777777777778,0,0,1,1,0,0,0,1,1,0,0,0,0,0,0,0,0,0,0,0,1,1,1,0,0,0,0,0,0,0,0,0,0,0,0,0,0,0
"60",10714,33,41,NA,NA,NA,NA,33,29,NA,24,11,22,NA,4,-2.33264887063655,-1.50308008213552,NA,0.514715947980835,0.993839835728953,1.41820670773443,NA,NA,NA,NA,NA,NA,NA,NA,NA,NA,NA,NA,NA,NA,NA,NA,NA,NA,NA,NA,NA,NA,0,0,1,0,1,0,0,0,0,0,0,0,1,0,0,0,0,1,3,0
"61",10722,34,38,35,37,15,24,28,33,NA,NA,NA,NA,1,NA,-2.26420260095825,-1.52224503764545,NA,0.413415468856947,NA,1.60438056125941,2,NA,0,NA,0,0,1,0,0,0,0,0,0,0,0,0,0,0,0,0,0,0,NA,NA,NA,NA,NA,NA,NA,NA,NA,NA,NA,NA,NA,NA,NA,NA,NA,NA,3,0
"62",10727,22,33,30,NA,NA,NA,31,47,33,NA,NA,NA,NA,NA,-2.31895961670089,-1.52772073921971,-0.59958932238193,NA,NA,NA,2,1.75,0.3,0.777777777777778,NA,NA,NA,NA,NA,NA,NA,NA,NA,NA,NA,NA,NA,NA,NA,NA,NA,NA,NA,NA,NA,NA,NA,NA,NA,NA,NA,NA,NA,NA,NA,NA,NA,NA,NA,NA,6,1
"63",10766,51,24,34,47,32,34,48,44,NA,43,49,33,12,10,-2.4476386036961,-1.59616700889802,NA,0.643394934976044,1.01574264202601,1.41820670773443,1.75,NA,0.7,NA,1,0,1,1,1,1,0,0,0,1,0,0,1,1,1,1,1,1,0,1,1,1,1,0,1,0,0,0,0,1,0,1,1,0,1,1,0,0
"64",10792,50,51,43,46,41,49,51,49,45,37,34,49,2,1,-2.42573579739904,-1.50581793292266,-0.758384668035592,0.487337440109514,1.02669404517454,1.59890485968515,1,1,0,0.875,0,0,1,0,0,0,0,0,0,0,0,0,0,0,1,0,0,0,0,0,1,0,0,0,0,0,0,0,0,0,0,0,0,0,0,0,0,0
"65",10847,49,43,41,51,29,33,36,43,30,42,42,41,2,6,-2.22039698836413,-1.41273100616016,-0.673511293634497,0.388774811772758,1.17180013689254,1.63997262149213,1,1,0.555555555555556,1,1,0,1,0,0,0,0,0,0,0,0,0,0,0,0,0,0,0,1,0,1,1,1,0,0,0,0,0,1,0,0,0,0,0,0,1,0,0
"66",10881,44,33,29,24,30,32,45,36,33,41,43,41,0,0,-1.91649555099247,-1.14168377823409,-0.435318275154004,0.435318275154004,0.933607118412047,1.58247775496235,1.25,1.5,0.6,0.555555555555556,0,0,0,0,0,0,0,0,0,0,0,0,0,0,0,0,0,0,0,0,0,0,0,0,0,0,0,0,0,0,0,0,0,0,0,0,0,0
"67",10932,38,37,36,45,42,41,45,42,45,50,49,49,2,3,-1.93018480492813,-0.876112251882272,-0.407939767282683,0.531143052703628,0.993839835728953,1.43737166324435,2,2,0.5,0.111111111111111,1,0,1,0,0,0,0,0,0,0,0,0,0,0,0,0,0,0,1,0,1,1,0,0,0,0,0,0,0,0,0,0,0,0,0,0,0,0
"68",10952,47,16,32,43,20,25,29,30,21,38,30,31,7,9,-2.03422313483915,-1.30047912388775,-0.569472963723477,0.369609856262834,0.919917864476386,1.3990417522245,0,0.5,0.888888888888889,0.666666666666667,0,0,1,1,1,0,0,NA,0,0,0,0,1,1,0,0,1,1,0,0,1,1,1,0,0,0,0,0,0,1,1,1,0,1,1,1,0,0
"69",10966,51,51,51,NA,NA,NA,45,37,46,NA,NA,NA,NA,NA,-1.91101984941821,-1.10335386721424,-0.427104722792608,NA,NA,NA,2,1.66666666666667,0.555555555555556,0.857142857142857,NA,NA,NA,NA,NA,NA,NA,NA,NA,NA,NA,NA,NA,NA,NA,NA,NA,NA,NA,NA,NA,NA,NA,NA,NA,NA,NA,NA,NA,NA,NA,NA,NA,NA,NA,NA,6,1
"70",11012,43,38,45,48,NA,47,50,49,32,NA,NA,36,2,NA,-2.02327173169062,-1.29500342231348,-0.511978097193703,0.536618754277892,NA,1.58521560574949,0.75,1.75,0,0.555555555555556,0,0,1,0,1,0,0,0,0,0,0,0,0,0,0,0,0,0,NA,NA,NA,NA,NA,NA,NA,NA,NA,NA,NA,NA,NA,NA,NA,NA,NA,NA,3,0
"71",11021,45,45,47,36,42,41,33,34,38,35,30,35,5,6,-1.89185489390828,-0.837782340862423,-0.413415468856947,0.506502395619439,1.1170431211499,1.54414784394251,1,0.75,0.5,0.9,0,1,0,1,1,0,0,0,0,0,0,0,0,0,0,0,1,1,0,1,1,1,1,0,0,0,0,0,0,0,0,0,0,0,1,1,0,0
"72",11022,43,48,49,45,NA,NA,46,37,41,33,NA,NA,1,5,-2.09719370294319,-0.744695414099932,-0.380561259411362,0.54757015742642,NA,NA,0,1,0,0.777777777777778,0,0,1,0,0,0,0,0,0,0,0,0,0,0,0,0,0,0,1,1,1,0,0,0,0,0,0,0,0,0,0,0,0,0,1,1,4,0
"73",11027,31,46,41,NA,23,42,37,49,50,36,41,43,NA,1,-2.01505817932923,-1.26762491444216,-0.525667351129363,0.607802874743327,0.97741273100616,1.73032169746749,0,1,0,0,NA,NA,NA,NA,NA,NA,NA,NA,NA,NA,NA,NA,NA,NA,NA,NA,NA,NA,1,0,0,0,0,0,0,0,0,0,0,0,0,0,0,0,0,0,1,0
"74",11055,48,NA,NA,NA,NA,NA,47,NA,NA,NA,NA,NA,NA,NA,-2.072553045859,NA,NA,NA,NA,NA,NA,NA,NA,NA,NA,NA,NA,NA,NA,NA,NA,NA,NA,NA,NA,NA,NA,NA,NA,NA,NA,NA,NA,NA,NA,NA,NA,NA,NA,NA,NA,NA,NA,NA,NA,NA,NA,NA,NA,NA,6,1
"75",11071,51,49,49,47,48,47,50,51,50,48,42,47,4,6,-2.02327173169062,-1.25667351129363,-0.54757015742642,0.514715947980835,1.04859685147159,1.52224503764545,2,1.66666666666667,0.222222222222222,0.625,0,0,1,0,0,0,0,1,0,0,0,0,0,0,0,0,1,1,0,0,1,1,1,0,0,0,0,0,0,0,1,0,0,0,1,1,0,0
"76",11072,47,47,44,50,50,51,44,47,46,48,45,48,4,2,-1.97946611909651,-1.09240246406571,-0.498288843258042,0.388774811772758,0.969199178644764,1.47296372347707,1.66666666666667,2,0.333333333333333,0.375,1,0,1,1,0,0,0,1,0,0,0,0,0,0,0,0,0,0,0,0,1,1,0,0,0,0,0,0,0,0,0,0,0,0,0,0,0,0
"77",11104,41,40,46,51,47,47,37,43,45,49,49,48,5,7,-1.87816563997262,-1.13073237508556,-0.396988364134155,0.388774811772758,0.919917864476386,1.40999315537303,2,2,0.222222222222222,0.444444444444444,0,0,1,1,0,0,0,1,0,0,0,0,0,0,0,0,1,1,0,0,1,1,1,0,0,0,0,0,1,1,0,0,0,0,1,1,0,0
"78",11123,44,46,39,43,38,46,41,44,43,46,34,39,3,2,-2.01505817932923,-0.741957563312799,-0.150581793292266,0.383299110198494,0.936344969199179,1.4072553045859,1.5,0.5,0.5,1.4,1,0,0,1,0,0,0,0,1,0,0,0,0,0,0,0,0,0,0,0,0,1,0,0,0,0,1,0,0,0,0,0,0,0,0,0,0,0
"79",11150,16,33,28,43,32,47,24,39,45,33,47,43,3,2,-1.92197125256674,-0.728268309377139,-0.366872005475702,0.432580424366872,1.13073237508556,1.60438056125941,1.5,0.75,0.333333333333333,0.666666666666667,0,0,1,0,0,0,0,0,0,0,0,0,0,1,1,0,0,0,1,0,0,1,0,0,0,0,0,0,0,0,0,0,0,0,0,0,0,0
"80",11167,42,37,12,NA,37,NA,36,33,11,NA,18,NA,9,8,-2.10266940451745,-1.36892539356605,-0.618754277891855,0.402464065708419,1.06502395619439,NA,0.75,0,0.7,2,1,1,1,1,1,0,0,0,0,0,0,1,1,0,0,0,1,1,0,0,1,1,1,0,0,0,0,0,1,1,0,0,1,1,1,0,4,0
"81",11173,42,NA,NA,NA,NA,NA,39,NA,NA,NA,NA,NA,NA,NA,-1.59890485968515,NA,NA,NA,NA,NA,NA,NA,NA,NA,NA,NA,NA,NA,NA,NA,NA,NA,NA,NA,NA,NA,NA,NA,NA,NA,NA,NA,NA,NA,NA,NA,NA,NA,NA,NA,NA,NA,NA,NA,NA,NA,NA,NA,NA,NA,6,1
"82",11177,43,35,41,45,33,32,48,50,49,50,46,NA,4,2,-2.04243668720055,-1.2703627652293,-0.588637919233402,0.459958932238193,1.00479123887748,1.75770020533881,2,2,0.777777777777778,0,1,0,0,1,1,0,0,0,0,0,0,0,0,0,0,0,1,0,0,1,1,0,0,0,0,0,0,0,0,0,0,0,0,0,0,0,1,0
"83",11186,32,NA,NA,NA,NA,NA,13,NA,NA,NA,NA,NA,NA,NA,-1.90828199863107,NA,NA,NA,NA,NA,NA,NA,NA,NA,NA,NA,NA,NA,NA,NA,NA,NA,NA,NA,NA,NA,NA,NA,NA,NA,NA,NA,NA,NA,NA,NA,NA,NA,NA,NA,NA,NA,NA,NA,NA,NA,NA,NA,NA,NA,6,1
"84",11195,44,48,48,49,41,36,47,35,47,39,31,27,7,3,-1.83436002737851,-1.01026694045175,-0.383299110198494,0.380561259411362,0.919917864476386,1.43463381245722,2,1,0.6,0.888888888888889,1,0,1,1,1,0,0,0,0,0,0,1,0,0,0,0,1,1,1,0,1,0,0,0,0,0,0,0,0,1,0,0,0,0,0,0,0,0
"85",11205,43,NA,NA,NA,NA,NA,46,NA,NA,NA,NA,NA,NA,NA,-1.81245722108145,NA,NA,NA,NA,NA,NA,NA,NA,NA,NA,NA,NA,NA,NA,NA,NA,NA,NA,NA,NA,NA,NA,NA,NA,NA,NA,NA,NA,NA,NA,NA,NA,NA,NA,NA,NA,NA,NA,NA,NA,NA,NA,NA,NA,NA,6,1
"86",11207,25,23,32,27,38,37,36,24,20,22,44,10,6,9,-2.01505817932923,-1.09514031485284,-0.53388090349076,0.629705681040383,1.00479123887748,1.50308008213552,1,1.66666666666667,0.111111111111111,1,1,1,1,0,1,0,0,0,0,0,0,0,0,0,0,0,1,1,0,1,1,1,1,0,0,0,1,0,0,0,0,1,1,0,1,1,0,0
"87",11223,44,40,33,NA,NA,NA,41,14,16,NA,NA,NA,NA,NA,-1.88364134154689,-1.03764544832307,-0.383299110198494,NA,NA,NA,1.25,1.25,0.777777777777778,0.6,NA,NA,NA,NA,NA,NA,NA,NA,NA,NA,NA,NA,NA,NA,NA,NA,NA,NA,NA,NA,NA,NA,NA,NA,NA,NA,NA,NA,NA,NA,NA,NA,NA,NA,NA,NA,6,1
"88",11244,46,NA,NA,NA,NA,NA,46,NA,NA,NA,NA,NA,NA,NA,-1.89185489390828,NA,NA,NA,NA,NA,NA,NA,NA,NA,NA,NA,NA,NA,NA,NA,NA,NA,NA,NA,NA,NA,NA,NA,NA,NA,NA,NA,NA,NA,NA,NA,NA,NA,NA,NA,NA,NA,NA,NA,NA,NA,NA,NA,NA,NA,6,1
"89",11268,42,46,NA,NA,NA,NA,49,48,NA,NA,NA,NA,NA,NA,-1.93839835728953,-1.14168377823409,NA,NA,NA,NA,NA,NA,NA,NA,NA,NA,NA,NA,NA,NA,NA,NA,NA,NA,NA,NA,NA,NA,NA,NA,NA,NA,NA,NA,NA,NA,NA,NA,NA,NA,NA,NA,NA,NA,NA,NA,NA,NA,NA,NA,6,1
"90",11274,50,47,37,34,NA,NA,45,38,27,31,NA,31,6,3,-1.65639972621492,-0.659822039698836,-0.153319644079398,0.640657084188912,NA,1.76865160848734,1.25,2,0.4,0.6,1,0,1,1,1,0,0,0,0,0,1,0,0,0,0,0,0,1,1,0,0,1,0,0,0,0,0,0,0,0,0,0,0,0,0,1,3,0
"91",11328,48,42,26,24,38,2,50,29,40,48,44,0,9,10,-2.00958247775496,-1.27310061601643,-0.544832306639288,0.432580424366872,0.936344969199179,1.46748802190281,0.5,2,0.375,0.222222222222222,0,1,1,1,1,0,0,0,0,0,1,1,1,0,0,0,1,1,1,1,1,1,1,0,0,0,0,0,0,0,1,1,0,1,1,1,0,0
"92",11357,47,41,NA,NA,NA,NA,36,38,29,39,NA,NA,NA,5,-1.8590006844627,-0.810403832991102,-0.37782340862423,0.446269678302533,NA,NA,NA,1.66666666666667,NA,1,NA,NA,NA,NA,NA,NA,NA,NA,NA,NA,NA,NA,NA,NA,NA,NA,NA,NA,0,0,1,1,1,0,0,0,0,0,0,0,0,1,0,1,0,0,5,0
"93",11369,32,48,49,44,47,36,46,41,45,26,51,50,3,4,-1.91101984941821,-0.971937029431896,-0.435318275154004,0.528405201916496,0.991101984941821,1.45106091718001,1,1,0.444444444444444,0.75,1,0,1,0,1,0,0,0,0,0,0,0,0,0,0,0,0,0,0,1,0,0,1,0,0,0,0,0,1,1,0,0,0,0,0,0,0,0
"94",11390,51,NA,NA,NA,NA,NA,51,NA,NA,NA,NA,NA,NA,NA,-1.9356605065024,NA,NA,NA,NA,NA,NA,NA,NA,NA,NA,NA,NA,NA,NA,NA,NA,NA,NA,NA,NA,NA,NA,NA,NA,NA,NA,NA,NA,NA,NA,NA,NA,NA,NA,NA,NA,NA,NA,NA,NA,NA,NA,NA,NA,NA,6,1
"95",11395,9,10,3,NA,7,2,11,30,25,29,32,1,NA,5,-1.86173853524983,-1.01848049281314,-0.361396303901437,0.572210814510609,0.988364134154689,1.54962354551677,0.75,1,0.6,0.666666666666667,NA,NA,NA,NA,NA,NA,NA,NA,NA,NA,NA,NA,NA,NA,NA,NA,NA,NA,0,0,1,1,1,0,0,0,0,0,0,0,0,0,0,0,1,1,1,0
"96",11402,46,50,49,47,49,48,46,49,42,45,49,48,3,2,-2.02327173169062,-1.31143052703628,-0.566735112936345,0.42984257357974,0.919917864476386,1.4154688569473,2,1.66666666666667,0.75,0.75,1,0,1,0,1,0,0,0,0,0,0,0,0,0,0,0,0,0,0,0,1,0,1,0,0,0,0,0,0,0,0,0,0,0,0,0,0,0
"97",11406,27,27,NA,NA,NA,NA,26,31,NA,NA,NA,NA,NA,NA,-2.00136892539357,-1.21834360027379,NA,NA,NA,NA,NA,NA,NA,NA,NA,NA,NA,NA,NA,NA,NA,NA,NA,NA,NA,NA,NA,NA,NA,NA,NA,NA,NA,NA,NA,NA,NA,NA,NA,NA,NA,NA,NA,NA,NA,NA,NA,NA,NA,NA,6,1
"98",11421,49,50,49,49,50,47,50,49,43,43,42,41,2,3,-1.94661190965092,-1.16084873374401,-0.470910335386721,0.399726214921287,0.955509924709103,1.43737166324435,1,2,0.5,0.5,1,0,0,1,0,0,0,0,0,0,0,0,0,0,0,0,0,0,1,0,1,1,0,0,0,0,0,0,0,0,0,0,0,0,0,0,0,0
"99",11427,50,44,NA,NA,NA,NA,50,46,NA,NA,NA,NA,5,3,-1.97672826830938,-1.18822724161533,NA,NA,NA,NA,NA,NA,NA,NA,0,0,1,1,1,0,0,0,0,0,1,0,0,0,0,0,0,1,1,0,1,0,0,0,0,0,0,0,0,0,0,0,0,0,0,1,6,1
"100",11438,46,51,36,NA,NA,NA,44,45,47,36,NA,NA,NA,5,-1.52772073921971,-0.706365503080082,-0.0629705681040383,0.591375770020534,NA,NA,2,1.75,0.2,0.333333333333333,NA,NA,NA,NA,NA,NA,NA,NA,NA,NA,NA,NA,NA,NA,NA,NA,NA,NA,0,0,1,1,1,0,0,0,0,0,0,0,0,0,0,0,1,1,5,0
"101",11476,41,42,41,38,41,36,49,45,41,43,48,42,4,4,-1.77138945927447,-0.815879534565366,-0.109514031485284,0.407939767282683,0.936344969199179,1.43737166324435,2,2,0.888888888888889,0.555555555555556,1,0,1,1,1,0,0,0,0,0,0,0,0,0,0,0,0,0,0,0,1,1,1,0,0,1,0,0,0,0,0,0,0,0,0,0,0,0
"102",11478,46,40,43,40,42,37,39,28,34,33,34,29,2,4,-1.92197125256674,-0.761122518822724,-0.410677618069815,0.396988364134155,0.939082819986311,1.43463381245722,2,1.25,0,0.333333333333333,0,0,1,0,0,0,0,0,0,0,0,0,0,0,0,1,0,0,1,0,1,1,1,0,0,0,0,0,0,0,0,0,0,0,0,0,0,0
"103",11512,50,NA,NA,NA,NA,NA,50,50,NA,NA,NA,NA,NA,NA,-1.84804928131417,-1.1006160164271,NA,NA,NA,NA,NA,NA,NA,NA,NA,NA,NA,NA,NA,NA,NA,NA,NA,NA,NA,NA,NA,NA,NA,NA,NA,NA,NA,NA,NA,NA,NA,NA,NA,NA,NA,NA,NA,NA,NA,NA,NA,NA,NA,NA,6,1
"104",11538,38,29,19,NA,NA,NA,34,24,3,NA,NA,NA,NA,NA,-2.02600958247776,-1.1854893908282,-0.555783709787817,NA,NA,NA,0.333333333333333,0.333333333333333,0.444444444444444,1,NA,NA,NA,NA,NA,NA,NA,NA,NA,NA,NA,NA,NA,NA,NA,NA,NA,NA,NA,NA,NA,NA,NA,NA,NA,NA,NA,NA,NA,NA,NA,NA,NA,NA,NA,NA,6,1
"105",11558,49,48,51,NA,NA,NA,44,50,49,NA,NA,NA,NA,NA,-1.98220396988364,-1.18001368925394,-0.484599589322382,NA,NA,NA,2,2,0.333333333333333,0.25,NA,NA,NA,NA,NA,NA,NA,NA,NA,NA,NA,NA,NA,NA,NA,NA,NA,NA,NA,NA,NA,NA,NA,NA,NA,NA,NA,NA,NA,NA,NA,NA,NA,NA,NA,NA,6,1
"106",11598,49,47,44,51,49,47,50,49,49,51,51,51,3,8,-2.06981519507187,-1.25941136208077,-0.610540725530459,0.407939767282683,0.939082819986311,1.4154688569473,1.75,1,1.3,1.22222222222222,0,0,1,0,0,0,0,0,0,0,1,1,0,0,0,0,0,0,1,0,1,1,0,0,0,0,1,0,1,1,0,0,0,0,1,1,0,0
"107",11605,42,48,42,49,49,51,33,36,42,34,47,32,3,4,-1.76591375770021,-0.722792607802875,-0.082135523613963,0.602327173169062,0.996577686516085,1.52498288843258,1,1,0,0.4,0,0,1,0,0,0,0,0,0,0,0,0,0,0,1,1,0,0,0,0,1,1,1,0,0,0,0,0,0,0,0,0,0,0,0,1,0,0
"108",11618,45,46,43,NA,NA,NA,46,36,48,NA,NA,NA,NA,NA,-1.94661190965092,-1.08418891170431,-0.394250513347023,NA,NA,NA,2,2,0.555555555555556,0.25,NA,NA,NA,NA,NA,NA,NA,NA,NA,NA,NA,NA,NA,NA,NA,NA,NA,NA,NA,NA,NA,NA,NA,NA,NA,NA,NA,NA,NA,NA,NA,NA,NA,NA,NA,NA,6,1
"109",11630,49,50,49,50,50,33,33,48,51,51,37,49,0,3,-1.87816563997262,-0.695414099931554,-0.0793976728268309,0.632443531827515,1.06776180698152,1.60711841204654,1.25,1.25,0,0,0,0,0,0,0,0,0,0,0,0,0,0,0,0,0,0,0,0,0,0,1,1,1,0,0,0,0,0,0,0,0,0,0,0,0,0,0,0
"110",11631,47,49,NA,42,NA,NA,36,40,41,30,NA,NA,6,6,-1.54688569472964,-0.39151266255989,0.0109514031485284,0.509240246406571,NA,NA,NA,2,NA,1.11111111111111,1,1,1,1,0,0,0,0,0,0,0,0,0,0,0,1,1,0,1,1,1,1,1,0,0,0,0,0,0,0,0,0,0,0,1,0,4,0
"111",11651,48,47,49,44,50,39,33,36.6666666666667,34.4444444444444,47,47,49,2,1,-1.83983572895277,-0.922655715263518,-0.331279945242984,0.457221081451061,0.944558521560575,1.43463381245722,2,1,0.222222222222222,0.111111111111111,0,0,1,1,0,0,0,0,0,0,0,0,0,0,0,0,0,0,0,0,1,0,0,0,0,0,0,0,0,0,0,0,0,0,0,0,0,0
"112",11673,33,38,33,NA,NA,NA,46,44,41,NA,NA,NA,2,NA,-1.85626283367556,-0.898015058179329,-0.380561259411362,NA,NA,NA,1.25,1,0.5,0.3,1,0,1,0,0,0,0,0,0,0,0,0,0,0,0,0,0,0,NA,NA,NA,NA,NA,NA,NA,NA,NA,NA,NA,NA,NA,NA,NA,NA,NA,NA,6,1
"113",11683,46.6666666666667,48,NA,48,NA,49,44,50,NA,46,40,42,2,6,-1.43189596167009,-0.665297741273101,NA,0.407939767282683,0.936344969199179,1.67282683093771,NA,NA,NA,NA,0,0,1,1,0,0,0,0,0,0,0,0,0,0,0,0,0,0,1,0,1,1,1,0,0,0,0,0,1,0,0,0,0,1,0,0,1,0
"114",11687,26,31,42,13,3,5,31,NA,23,6,18,4,5,11,-2.00684462696783,-1.09787816563997,-0.418891170431211,0.413415468856947,0.919917864476386,1.41273100616016,2,1.75,0.5,1.11111111111111,0,1,0,0,1,0,0,1,0,0,0,0,0,0,0,0,1,1,1,1,1,0,0,1,0,0,1,1,0,1,1,0,1,0,1,1,0,0
"115",11693,44,43,46,NA,NA,NA,43,36,41,NA,NA,NA,1,4,-1.95208761122519,-1.16632443531828,-0.39151266255989,NA,NA,NA,1.33333333333333,1.66666666666667,0.555555555555556,1,0,0,0,1,0,0,0,0,0,0,0,0,0,0,0,0,0,0,0,0,1,1,0,0,0,0,0,0,0,0,0,0,0,0,1,1,6,1
"116",11709,43,NA,NA,NA,NA,NA,27,8,NA,NA,NA,NA,NA,NA,-1.88911704312115,-0.635181382614648,NA,NA,NA,NA,NA,NA,NA,NA,NA,NA,NA,NA,NA,NA,NA,NA,NA,NA,NA,NA,NA,NA,NA,NA,NA,NA,NA,NA,NA,NA,NA,NA,NA,NA,NA,NA,NA,NA,NA,NA,NA,NA,NA,NA,6,1
"117",11717,50,51,50,50,49,51,51,51,50,51,51,51,6,0,-1.73579739904175,-0.892539356605065,-0.177960301163587,0.517453798767967,0.988364134154689,1.41273100616016,1.5,1.5,0,0.333333333333333,1,1,1,1,1,0,0,0,0,0,0,0,0,0,0,0,0,1,0,0,0,0,0,0,0,0,0,0,0,0,0,0,0,0,0,0,0,0
"118",11735,46,49,43,51,45,18,50,43,51,51,32,5,1,1,-1.94661190965092,-1.16358658453114,-0.473648186173854,0.536618754277892,1.01300479123888,1.71663244353183,1,0.666666666666667,0.375,0.375,0,0,0,1,0,0,0,0,0,0,0,0,0,0,0,0,0,0,0,0,1,0,0,0,0,0,0,0,0,0,0,0,0,0,0,0,0,0
"119",11742,18,19,11,18,39,30,32,32,27,27,30,37,1,2,-1.80971937029432,-0.835044490075291,-0.216290212183436,0.588637919233402,0.988364134154689,1.43463381245722,1.5,1.25,0.6,1,0,0,1,0,0,0,0,0,0,0,0,0,0,0,0,0,0,0,0,0,1,0,0,0,0,0,0,0,0,0,0,0,0,0,1,0,0,0
"120",11747,47,44,40,47,21,NA,38,27,32,49,16,23,2,1,-1.90828199863107,-0.91170431211499,-0.454483230663929,0.380561259411362,1.06502395619439,1.76865160848734,1.25,0.75,0.3,0.6,1,0,0,1,0,0,0,0,0,0,0,0,0,0,0,0,0,0,0,0,0,0,0,0,0,1,0,0,0,0,0,0,0,0,0,0,1,0
"121",11775,46,43,NA,NA,NA,NA,41,42,NA,NA,NA,NA,NA,NA,-1.75770020533881,-0.53388090349076,NA,NA,NA,NA,NA,NA,NA,NA,NA,NA,NA,NA,NA,NA,NA,NA,NA,NA,NA,NA,NA,NA,NA,NA,NA,NA,NA,NA,NA,NA,NA,NA,NA,NA,NA,NA,NA,NA,NA,NA,NA,NA,NA,NA,6,1
"122",11792,46,38,NA,34,37,40,47,47,15,24,26,49,2,3,-1.86995208761123,-0.854209445585216,-0.0054757015742642,0.544832306639288,0.97741273100616,1.46748802190281,NA,1,NA,0.555555555555556,0,0,0,0,0,0,0,0,0,0,0,0,0,0,0,0,1,1,0,0,1,0,0,0,0,0,0,0,0,0,0,0,0,0,1,1,0,0
"123",11806,49,48,49,48,NA,NA,45,41,33,37,49,NA,4,6,-1.92197125256674,-1.18001368925394,-0.355920602327173,0.566735112936345,0.985626283367556,NA,2,1.25,0.1,0.888888888888889,0,0,1,0,1,0,0,0,0,0,0,0,0,0,0,0,1,1,0,1,1,1,0,0,0,0,0,0,0,0,0,1,0,0,1,1,3,0
"124",11833,41,NA,49,51,48,40,49,NA,43,49,51,50,1,2,-1.86995208761123,NA,0.0054757015742642,0.569472963723477,0.991101984941821,1.57973990417522,0.5,1,0.111111111111111,0.111111111111111,0,0,1,0,0,0,0,0,0,0,0,0,0,0,0,0,0,0,0,0,1,0,0,0,0,0,0,0,0,0,1,0,0,0,0,0,0,0
"125",11844,36,28,33,NA,NA,NA,47,41,41,NA,NA,NA,NA,NA,-2.05886379192334,-0.687200547570157,-0.0793976728268309,NA,NA,NA,0.75,1.75,0.222222222222222,0.7,NA,NA,NA,NA,NA,NA,NA,NA,NA,NA,NA,NA,NA,NA,NA,NA,NA,NA,NA,NA,NA,NA,NA,NA,NA,NA,NA,NA,NA,NA,NA,NA,NA,NA,NA,NA,6,1
"126",11875,43,34,38,NA,40,38,40,48,45,46,51,46,NA,0,-1.8507871321013,-0.711841204654346,-0.0958247775496235,0.572210814510609,1.15537303216975,1.62354551676934,1.25,1,0.888888888888889,0.2,NA,NA,NA,NA,NA,NA,NA,NA,NA,NA,NA,NA,NA,NA,NA,NA,NA,NA,0,0,0,0,0,0,0,0,0,0,0,0,0,0,0,0,0,0,1,0
"127",11899,49,49,50,50,51,51,48,47,47,30,19,39,10,5,-1.83162217659138,-0.91170431211499,-0.317590691307324,0.364134154688569,0.919917864476386,1.43189596167009,1,2,0.3,0.333333333333333,0,1,1,1,1,0,0,0,0,0,0,1,1,0,1,1,1,1,0,1,0,1,1,0,0,0,0,0,0,0,0,0,0,0,1,1,0,0
"128",11946,49,48,46,NA,NA,NA,49,49,49,49,44,NA,NA,1,-2.01232032854209,-1.25941136208077,-0.468172484599589,0.572210814510609,1.20465434633812,NA,1.66666666666667,1.33333333333333,0.333333333333333,0.333333333333333,NA,NA,NA,NA,NA,NA,NA,NA,NA,NA,NA,NA,NA,NA,NA,NA,NA,NA,0,0,1,0,0,0,0,0,0,0,0,0,0,0,0,0,0,0,4,0
"129",11976,32,21,7,NA,NA,NA,41,43,34,27,24,NA,NA,8,-2.00136892539357,-1.28131416837782,-0.566735112936345,0.536618754277892,1.01574264202601,NA,0.5,0.75,0.7,1.11111111111111,NA,NA,NA,NA,NA,NA,NA,NA,NA,NA,NA,NA,NA,NA,NA,NA,NA,NA,0,1,1,1,1,0,0,1,0,0,0,0,0,0,0,1,1,1,4,0
"130",11986,43,48,49,51,46,48,47,48,48,49,49,50,1,3,-1.83436002737851,-0.832306639288159,-0.342231348391513,0.37782340862423,0.952772073921971,1.42915811088296,1.75,1.75,0.5,0.666666666666667,0,0,0,1,0,0,0,0,0,0,0,0,0,0,0,0,0,0,0,0,1,1,1,0,0,0,0,0,0,0,0,0,0,0,0,0,0,0
"131",11989,48,NA,NA,NA,NA,NA,46,NA,NA,48,NA,NA,NA,6,-2.00958247775496,NA,NA,0.591375770020534,NA,NA,NA,NA,NA,NA,NA,NA,NA,NA,NA,NA,NA,NA,NA,NA,NA,NA,NA,NA,NA,NA,NA,NA,1,0,1,1,1,0,0,0,0,0,0,0,0,0,0,0,1,1,5,0
"132",12049,41,51,44,50,43,49,45,50,51,51,51,51,4,3,-1.96030116358658,-0.793976728268309,-0.396988364134155,0.490075290896646,0.991101984941821,1.42642026009582,1.33333333333333,1.75,1.11111111111111,0.666666666666667,0,0,1,1,1,0,0,0,0,0,0,0,0,0,0,0,0,1,0,0,1,0,1,0,0,0,0,0,0,0,0,0,0,0,0,1,0,0
"133",12050,41,37,24,NA,NA,NA,51,44,22,NA,NA,NA,NA,NA,-2.0807665982204,-1.3388090349076,-0.621492128678987,NA,NA,NA,0.25,0,1,1.75,NA,NA,NA,NA,NA,NA,NA,NA,NA,NA,NA,NA,NA,NA,NA,NA,NA,NA,NA,NA,NA,NA,NA,NA,NA,NA,NA,NA,NA,NA,NA,NA,NA,NA,NA,NA,6,1
"134",12060,50,51,42,50,51,51,51,50,50,49,50,50,6,8,-2.05338809034908,-1.11156741957563,-0.509240246406571,0.37782340862423,0.950034223134839,1.44832306639288,0,1.33333333333333,0,0,0,1,1,1,1,0,0,0,0,0,0,0,0,0,0,0,1,1,1,1,1,0,1,0,0,0,0,0,1,0,1,0,0,0,1,1,0,0
"135",12066,40,NA,50,51,NA,40,47,NA,48,51,NA,48,5,7,-2.02053388090349,NA,-0.399726214921287,0.451745379876797,NA,1.7138945927447,1.33333333333333,2,0.5,0.25,0,1,1,0,1,0,0,0,1,0,0,0,0,0,0,0,0,1,0,1,1,1,1,0,0,1,0,0,0,0,0,0,0,0,1,1,2,0
"136",12074,47,33,40,41,42,35,46,19,30,15,33,20,2,4,-1.75496235455168,-0.720054757015743,-0.0109514031485284,0.438056125941136,1.13894592744695,1.61806981519507,2,1.5,0.4,0.333333333333333,1,0,0,1,0,0,0,0,0,0,0,0,0,0,0,0,0,0,1,0,1,1,1,0,0,0,0,0,0,0,0,0,0,0,0,0,0,0
"137",12077,48,28,39,47,34,36,50,34,18,18,2,13,3,5,-2.06981519507187,-1.34976043805613,-0.59958932238193,0.402464065708419,1.02943189596167,1.46475017111567,1.25,0.25,1,1.55555555555556,0,0,1,1,0,0,0,0,0,0,0,0,0,0,0,0,0,1,1,0,1,1,1,0,0,0,0,0,0,0,1,0,0,0,0,0,0,0
"138",12099,44,NA,NA,NA,NA,NA,8,NA,NA,NA,NA,NA,NA,NA,-1.94661190965092,NA,NA,NA,NA,NA,NA,NA,NA,NA,NA,NA,NA,NA,NA,NA,NA,NA,NA,NA,NA,NA,NA,NA,NA,NA,NA,NA,NA,NA,NA,NA,NA,NA,NA,NA,NA,NA,NA,NA,NA,NA,NA,NA,NA,NA,6,1
"139",12108,41,43,35,42,33,34,49,49,46,42,36,46,4,5,-2.04517453798768,-1.29500342231348,-0.58590006844627,0.438056125941136,0.950034223134839,1.52772073921971,2,2,0.75,0.75,1,0,1,1,0,0,0,0,0,0,0,0,0,0,0,0,0,1,0,0,1,1,1,0,0,1,0,0,0,0,0,0,0,0,0,1,0,0
"140",12117,51,NA,NA,NA,NA,NA,28,NA,NA,NA,NA,NA,NA,NA,-1.79329226557153,NA,NA,NA,NA,NA,NA,NA,NA,NA,NA,NA,NA,NA,NA,NA,NA,NA,NA,NA,NA,NA,NA,NA,NA,NA,NA,NA,NA,NA,NA,NA,NA,NA,NA,NA,NA,NA,NA,NA,NA,NA,NA,NA,NA,NA,6,1
"141",12140,46,49,43,37,43,36,46,48,49,51,50,47,3,3,-2.06707734428474,-1.30595482546201,-0.602327173169062,0.657084188911704,1.02395619438741,1.41820670773443,2,1.5,0.4,0.375,0,0,1,1,0,0,0,0,0,0,1,0,0,0,0,0,0,0,1,0,1,1,0,0,0,0,0,0,0,0,0,0,0,0,0,0,0,0
"142",12147,44,NA,NA,NA,NA,NA,33,NA,NA,NA,NA,NA,NA,NA,-1.75496235455168,NA,NA,NA,NA,NA,NA,NA,NA,NA,NA,NA,NA,NA,NA,NA,NA,NA,NA,NA,NA,NA,NA,NA,NA,NA,NA,NA,NA,NA,NA,NA,NA,NA,NA,NA,NA,NA,NA,NA,NA,NA,NA,NA,NA,NA,6,1
"143",12155,51,46,50,NA,NA,50,49,50,48,NA,NA,45,0,0,-2.0807665982204,-1.33333333333333,-0.394250513347023,NA,NA,1.56605065023956,2,1.25,1.22222222222222,0.6,0,0,0,0,0,0,0,0,0,0,0,0,0,0,0,0,0,0,0,NA,0,0,0,0,0,0,0,0,0,0,0,0,0,0,0,0,4,0
"144",12164,44,41,43,51,NA,NA,50,47,38,47,50,44,11,11,-2.05886379192334,-1.31143052703628,-0.610540725530459,0.446269678302533,0.928131416837782,1.41820670773443,0.75,0.75,0.5,1.1,1,1,1,1,1,0,0,0,0,1,0,0,1,0,1,1,1,1,1,1,1,NA,0,1,1,1,0,1,0,0,1,1,0,0,1,1,2,0
"145",12183,44,43,26,20,49,34,45,46,28,24,39,48,5,2,-2.0041067761807,-1.2539356605065,-0.542094455852156,0.383299110198494,0.928131416837782,1.41273100616016,2,1.75,0.7,0.25,0,0,1,1,0,0,0,1,0,0,1,1,0,0,0,0,0,0,1,0,1,0,0,0,0,0,0,0,0,0,0,0,0,0,0,0,0,0
"146",12185,48,NA,NA,NA,NA,NA,51,NA,51,NA,NA,NA,NA,NA,-2.0041067761807,NA,-0.0027378507871321,NA,NA,NA,NA,1,NA,0,NA,NA,NA,NA,NA,NA,NA,NA,NA,NA,NA,NA,NA,NA,NA,NA,NA,NA,NA,NA,NA,NA,NA,NA,NA,NA,NA,NA,NA,NA,NA,NA,NA,NA,NA,NA,6,1
"147",12208,47,49,50,51,51,47,49,48,50,49,50,50,6,8,-1.96577686516085,-1.10609171800137,-0.470910335386721,0.369609856262834,1.00752908966461,1.4154688569473,1.25,1,0.333333333333333,0.5,0,1,1,1,1,0,0,0,0,0,0,0,0,0,0,0,1,1,0,1,1,1,1,0,0,1,0,0,0,0,1,0,0,0,1,1,0,0
"148",12232,49,47,NA,NA,NA,NA,45,48,NA,NA,NA,NA,NA,NA,-1.65913757700205,-0.722792607802875,NA,NA,NA,NA,NA,NA,NA,NA,NA,NA,NA,NA,NA,NA,NA,NA,NA,NA,NA,NA,NA,NA,NA,NA,NA,NA,NA,NA,NA,NA,NA,NA,NA,NA,NA,NA,NA,NA,NA,NA,NA,NA,NA,NA,6,1
"149",12256,43,39,46,45,42,46,31,33,28,36,36,41,3,8,-1.91375770020534,-0.91170431211499,-0.31211498973306,0.629705681040383,1.08692676249144,1.71663244353183,1.5,0.75,1.3,1.25,1,0,1,1,0,0,0,0,0,0,0,0,0,0,0,0,0,0,0,1,1,0,1,0,0,1,0,0,1,1,0,0,0,0,1,1,0,0
"150",12283,34,34,39,40,47,39,18,31,21,37,33,49,9,6,-1.88090349075975,-0.840520191649555,-0.314852840520192,0.457221081451061,0.952772073921971,1.62628336755647,1.5,1,1.3,0.4,0,0,1,1,1,0,0,1,0,1,0,0,0,1,0,1,1,1,0,0,1,1,0,0,0,0,0,0,1,0,1,0,0,0,1,1,0,0
"151",12284,45,46,49,34,34,35,50,44,49,46,44,43,2,4,-1.95756331279945,-1.21013004791239,-0.438056125941136,0.380561259411362,0.993839835728953,1.43463381245722,2,2,0.375,0,0,0,1,0,0,0,0,0,1,0,0,0,0,0,0,0,0,0,1,0,1,1,0,0,0,0,1,0,0,0,0,0,0,0,0,0,0,0
"152",12289,35,47,36,41,40,34,32,45,37,33,43,40,9,12,-1.83709787816564,-0.829568788501027,-0.306639288158795,0.413415468856947,0.930869267624914,1.4154688569473,1.5,1,1.2,1,0,1,1,1,1,0,0,1,0,1,0,0,0,0,0,1,1,1,1,1,1,0,1,1,1,0,0,1,0,0,0,1,1,1,1,1,0,0
"153",12296,48,40,34,NA,NA,NA,48,32,33,NA,NA,NA,NA,NA,-1.9192334017796,-1.09240246406571,-0.438056125941136,NA,NA,NA,1,0.25,0,0.111111111111111,NA,NA,NA,NA,NA,NA,NA,NA,NA,NA,NA,NA,NA,NA,NA,NA,NA,NA,NA,NA,NA,NA,NA,NA,NA,NA,NA,NA,NA,NA,NA,NA,NA,NA,NA,NA,6,1
"154",12307,48,38,48,50,50,51,49,43,37,30,32,35,3,3,-1.82888432580424,-1.0403832991102,-0.369609856262834,0.380561259411362,0.930869267624914,1.43463381245722,0.75,1.5,0.9,0.777777777777778,0,0,1,0,1,0,0,0,0,0,0,0,0,0,0,0,0,1,0,0,1,0,0,0,0,1,0,0,0,0,1,0,0,0,0,0,0,0
"155",12308,50,41,47,NA,NA,NA,43,38,32,44,NA,NA,NA,5,-1.90280629705681,-1.12251882272416,-0.410677618069815,0.618754277891855,NA,NA,1.75,1,0.4,0.666666666666667,NA,NA,NA,NA,NA,NA,NA,NA,NA,NA,NA,NA,NA,NA,NA,NA,NA,NA,0,1,0,1,1,0,0,0,0,0,0,0,0,0,0,0,1,1,5,0
"156",12312,51,50,49,NA,NA,NA,47,50,19,NA,NA,NA,NA,NA,-2.03696098562628,-1.2539356605065,-0.583162217659138,NA,NA,NA,0.75,1,0.3,1,NA,NA,NA,NA,NA,NA,NA,NA,NA,NA,NA,NA,NA,NA,NA,NA,NA,NA,NA,NA,NA,NA,NA,NA,NA,NA,NA,NA,NA,NA,NA,NA,NA,NA,NA,NA,6,1
"157",12367,51,45,NA,NA,36,NA,38,35,NA,31,33,6,NA,3,-1.98767967145791,-0.668035592060233,NA,0.563997262149213,0.993839835728953,1.76865160848734,NA,NA,NA,NA,NA,NA,NA,NA,NA,NA,NA,NA,NA,NA,NA,NA,NA,NA,NA,NA,NA,NA,1,0,1,1,0,0,0,0,0,0,0,0,0,0,0,0,0,0,2,0
"158",12431,46,NA,NA,NA,NA,NA,46,NA,NA,NA,NA,NA,NA,NA,-1.95756331279945,NA,NA,NA,NA,NA,NA,NA,NA,NA,NA,NA,NA,NA,NA,NA,NA,NA,NA,NA,NA,NA,NA,NA,NA,NA,NA,NA,NA,NA,NA,NA,NA,NA,NA,NA,NA,NA,NA,NA,NA,NA,NA,NA,NA,NA,6,1
"159",12486,29,25,26,NA,NA,NA,32,24,26,41,28,23,NA,1,-1.81245722108145,-0.780287474332649,-0.320328542094456,0.402464065708419,0.944558521560575,1.58521560574949,1.5,2,0,0.333333333333333,NA,NA,NA,NA,NA,NA,NA,NA,NA,NA,NA,NA,NA,NA,NA,NA,NA,NA,0,0,1,0,0,0,0,0,0,0,0,0,0,0,0,0,0,0,3,0
"160",12538,45,47,44,NA,NA,NA,47,46,47,NA,NA,47,NA,2,-1.52772073921971,-0.769336071184121,0,NA,NA,1.76865160848734,2,2,0.4,0.7,NA,NA,NA,NA,NA,NA,NA,NA,NA,NA,NA,NA,NA,NA,NA,NA,NA,NA,0,0,1,0,1,0,0,0,0,0,0,0,0,0,0,0,0,0,5,0
"161",12584,43,NA,NA,NA,NA,NA,26,NA,NA,NA,NA,NA,NA,NA,-1.61806981519507,NA,NA,NA,NA,NA,NA,NA,NA,NA,NA,NA,NA,NA,NA,NA,NA,NA,NA,NA,NA,NA,NA,NA,NA,NA,NA,NA,NA,NA,NA,NA,NA,NA,NA,NA,NA,NA,NA,NA,NA,NA,NA,NA,NA,NA,6,1
"162",12599,45,51,50,50,50,50,50,48,49,45,49,49,2,2,-1.65366187542779,-0.731006160164271,-0.128678986995209,0.416153319644079,0.939082819986311,1.51129363449692,1.25,2,0,0.5,0,0,0,1,1,0,0,0,0,0,0,0,0,0,0,0,0,0,0,0,0,1,1,0,0,0,0,0,0,0,0,0,0,0,0,0,0,0
"163",12603,51,49,NA,NA,NA,50,49,48,NA,50,51,51,NA,5,-1.70020533880904,-0.856947296372348,NA,0.572210814510609,1.08692676249144,1.56878850102669,NA,NA,NA,NA,NA,NA,NA,NA,NA,NA,NA,NA,NA,NA,NA,NA,NA,NA,NA,NA,NA,NA,0,0,1,1,1,0,0,0,0,0,0,0,0,0,0,0,1,1,2,0
"164",12625,45,48,45,NA,NA,43,39,33,19,28,NA,39,NA,8,-1.68104038329911,-0.889801505817933,-0.0793976728268309,0.648870636550308,NA,1.59890485968515,1,2,0.3,0.8,NA,NA,NA,NA,NA,NA,NA,NA,NA,NA,NA,NA,NA,NA,NA,NA,NA,NA,0,1,1,1,1,0,0,0,0,0,0,1,1,0,0,0,1,1,3,0
"165",12634,39,44,51,32,35,26,41,29,18,23,9,12,5,6,-1.79055441478439,-0.917180013689254,-0.331279945242984,0.369609856262834,0.944558521560575,1.54688569472964,1.5,1.25,0.2,1.55555555555556,1,0,1,0,0,0,0,1,0,0,0,0,0,0,0,0,1,1,1,0,1,1,1,0,0,0,0,0,0,0,0,0,0,0,1,1,0,0
"166",12657,50,49,39,51,NA,NA,24,44,36,46,NA,NA,8,10,-1.66735112936345,-0.887063655030801,-0.167008898015058,0.643394934976044,NA,NA,2,1.25,0.444444444444444,NA,1,1,1,0,1,0,0,0,0,1,0,0,1,0,0,0,1,1,1,1,1,1,1,0,0,1,1,1,0,0,0,0,0,0,1,1,4,0
"167",12678,44,46,34,39,35,46,42,38,45,48,37,46,7,2,-1.64271047227926,-0.681724845995893,-0.0958247775496235,0.383299110198494,0.952772073921971,1.52224503764545,1,0.25,0.333333333333333,0.125,1,0,1,1,1,0,0,1,0,0,0,1,0,0,0,0,0,1,1,0,1,0,0,0,0,0,0,0,0,0,0,0,0,0,0,0,0,0
"168",12698,29,19,NA,46,37,43,32,50,31,34,24,25,3,5,-1.71937029431896,-0.747433264887064,0,0.457221081451061,0.933607118412047,1.70020533880904,NA,0.25,NA,0.777777777777778,0,0,1,0,0,0,0,0,0,0,0,0,0,0,0,0,1,1,0,0,1,1,1,0,0,0,0,0,0,0,0,0,0,0,1,1,0,0
"169",12754,47,50,NA,NA,NA,NA,42,49,NA,43,44,47,NA,10,-1.70020533880904,-0.648870636550308,NA,0.618754277891855,1.1006160164271,1.76865160848734,NA,NA,NA,NA,NA,NA,NA,NA,NA,NA,NA,NA,NA,NA,NA,NA,NA,NA,NA,NA,NA,NA,0,0,1,1,1,0,0,1,0,1,0,1,1,0,1,0,1,1,3,0
"170",12835,46,40,44,50,41,48,49,43,43,48,49,50,1,1,-1.79329226557153,-0.826830937713895,-0.309377138945927,0.37782340862423,0.952772073921971,1.43189596167009,2,2,0.111111111111111,0.625,0,0,1,0,0,0,0,0,0,0,0,0,0,0,0,0,0,0,0,0,1,0,0,0,0,0,0,0,0,0,0,0,0,0,0,0,0,0
"171",12843,33,36,21,29,15,NA,28,23,21,25,NA,NA,5,4,-1.70020533880904,-0.818617385352498,-0.0711841204654346,0.407939767282683,NA,NA,1.33333333333333,2,0.222222222222222,0.5,0,0,1,1,1,0,0,0,1,0,0,0,0,0,0,0,0,1,0,0,1,1,1,0,0,0,0,0,0,0,0,0,0,0,0,1,3,0
"172",12850,37,39,NA,NA,NA,NA,37,25,NA,NA,NA,NA,NA,NA,-1.45106091718001,-0.394250513347023,NA,NA,NA,NA,NA,NA,NA,NA,NA,NA,NA,NA,NA,NA,NA,NA,NA,NA,NA,NA,NA,NA,NA,NA,NA,NA,NA,NA,NA,NA,NA,NA,NA,NA,NA,NA,NA,NA,NA,NA,NA,NA,NA,NA,6,1
"173",12856,40,50,42,48,51,49,50,49,50,51,50,49,3,7,-1.73579739904175,-0.681724845995893,-0.109514031485284,0.418891170431211,0.955509924709103,1.46475017111567,2,1.66666666666667,0.25,0,0,0,1,0,0,0,0,0,0,0,0,0,0,0,1,0,1,0,0,0,1,1,1,0,0,0,1,0,0,0,0,0,1,0,1,1,0,0
"174",12876,43,43,39,46,35,33,48,47,48,45,47,44,2,2,-1.66187542778919,-0.632443531827515,-0.0958247775496235,0.646132785763176,1.06776180698152,1.51129363449692,2,2,0.444444444444444,0.777777777777778,0,0,1,0,0,0,0,0,0,0,0,1,0,0,0,0,0,0,0,0,1,0,0,0,0,0,0,0,1,0,0,0,0,0,0,0,0,0
"175",12909,37,47,43,49,38,35,50,50,48,51,50,51,3,3,-1.77686516084873,-0.941820670773443,-0.112251882272416,0.416153319644079,0.950034223134839,1.43463381245722,1,0.75,0.444444444444444,0.5,0,0,1,0,0,0,0,0,0,0,1,0,0,1,0,0,0,0,0,0,1,1,0,0,0,0,0,0,1,0,0,0,0,0,0,0,0,0
"176",12982,43,NA,NA,NA,NA,NA,51,NA,NA,51,51,49,NA,8,-1.58521560574949,NA,NA,0.602327173169062,0.985626283367556,1.59890485968515,NA,NA,NA,NA,NA,NA,NA,NA,NA,NA,NA,NA,NA,NA,NA,NA,NA,NA,NA,NA,NA,NA,1,0,1,1,1,0,0,0,0,0,1,0,1,0,0,0,1,1,3,0
"177",13037,42,38,NA,NA,25,37,40,34,NA,20,22,22,NA,6,-1.42094455852156,-0.665297741273101,NA,0.563997262149213,1.01574264202601,1.63997262149213,NA,NA,NA,NA,NA,NA,NA,NA,NA,NA,NA,NA,NA,NA,NA,NA,NA,NA,NA,NA,NA,NA,1,0,1,1,1,0,0,0,0,0,0,0,0,0,0,0,1,1,1,0
"178",13040,49,49,46,50,50,50,48,48,42,48,47,48,2,0,-1.60438056125941,-0.802190280629706,-0.0848733744010951,0.416153319644079,0.930869267624914,1.43463381245722,1.33333333333333,2,1.14285714285714,0.333333333333333,1,0,1,0,0,0,0,0,0,0,0,0,0,0,0,0,0,0,0,0,0,0,0,0,0,0,0,0,0,0,0,0,0,0,0,0,0,0
"179",13052,35,45,NA,46,50,45,45,32,42,32,34,31,3,7,-1.65639972621492,-0.793976728268309,0.0164271047227926,0.364134154688569,0.936344969199179,1.54688569472964,NA,1,NA,1.44444444444444,0,0,1,0,1,0,0,0,0,0,0,0,0,1,0,0,0,0,1,0,1,1,1,0,0,0,1,0,0,0,1,0,0,1,0,0,0,0
"180",13056,51,51,NA,NA,NA,NA,49,49,NA,NA,NA,NA,NA,NA,-1.77138945927447,-0.862422997946612,NA,NA,NA,NA,NA,NA,NA,NA,NA,NA,NA,NA,NA,NA,NA,NA,NA,NA,NA,NA,NA,NA,NA,NA,NA,NA,NA,NA,NA,NA,NA,NA,NA,NA,NA,NA,NA,NA,NA,NA,NA,NA,NA,NA,6,1
"181",13070,45,51,49,51,51,51,47,44,33,51,49,51,6,9,-1.81245722108145,-1.06502395619439,-0.353182751540041,0.396988364134155,0.950034223134839,1.43463381245722,1.25,1,0.333333333333333,0.25,1,0,1,1,0,0,0,0,0,0,0,0,1,0,0,0,1,1,1,1,1,1,1,0,0,0,0,0,1,1,0,0,0,0,1,1,0,0
"182",13118,47,45,47,44,40,42,14,40,49,41,22,6,6,7,-1.60438056125941,-0.783025325119781,-0.128678986995209,0.402464065708419,0.950034223134839,1.51403148528405,1.75,1,0.4,0.777777777777778,0,0,1,1,1,0,0,0,0,0,1,0,0,0,0,0,1,1,1,0,1,1,1,0,0,0,1,0,0,0,0,0,0,0,1,1,0,0
"183",13135,50,40,NA,NA,51,NA,51,50,NA,51,51,NA,NA,3,-1.47022587268994,-0.700889801505818,NA,0.583162217659138,0.985626283367556,NA,NA,NA,NA,NA,NA,NA,NA,NA,NA,NA,NA,NA,NA,NA,NA,NA,NA,NA,NA,NA,NA,NA,1,0,1,1,0,0,0,0,0,0,0,0,0,0,0,0,0,0,3,0
"184",13137,33,48,48,50,50,50,47,49,49,50,50,51,5,6,-1.782340862423,-1.0403832991102,-0.290212183436003,0.421629021218344,0.933607118412047,1.42642026009582,2,2,0.111111111111111,0.125,0,0,1,0,1,0,0,0,0,0,0,0,1,0,0,0,1,1,1,0,1,1,1,0,0,0,0,0,0,0,1,0,0,0,0,1,0,0
"185",13160,47,45,NA,NA,NA,NA,36,30,NA,NA,NA,NA,NA,NA,-1.68104038329911,-0.774811772758385,NA,NA,NA,NA,NA,NA,NA,NA,NA,NA,NA,NA,NA,NA,NA,NA,NA,NA,NA,NA,NA,NA,NA,NA,NA,NA,NA,NA,NA,NA,NA,NA,NA,NA,NA,NA,NA,NA,NA,NA,NA,NA,NA,NA,6,1
"186",13229,37,42,32,48,47,48,46,44,45,48,47,50,7,8,-1.73853524982888,-0.933607118412047,-0.224503764544832,0.418891170431211,0.958247775496235,1.44832306639288,2,2,0.333333333333333,0.666666666666667,0,0,1,1,0,0,0,0,0,0,0,0,0,1,1,1,1,1,0,0,1,1,0,0,0,0,0,0,0,0,1,1,1,1,1,1,0,0
"187",13241,48,49,NA,47,45,48,42,48,NA,42,47,41,6,5,-1.4839151266256,-0.725530458590007,NA,0.421629021218344,1.02395619438741,1.51403148528405,NA,NA,NA,NA,1,1,1,0,1,0,0,0,0,0,0,0,0,0,0,0,1,1,0,1,1,0,1,0,0,0,0,0,0,0,0,0,0,0,1,1,0,0
"188",13245,48,50,47,46,46,NA,49,49,49,49,43,45,5,3,-1.65913757700205,-0.58590006844627,-0.106776180698152,0.383299110198494,0.969199178644764,1.76865160848734,2,2,0.375,0.25,0,0,1,1,1,0,0,0,0,0,0,0,0,0,0,0,1,1,0,0,1,0,0,0,0,0,0,0,0,0,0,0,0,0,1,1,1,0
"189",13249,50,49,47,50,50,50,51,49,50,51,50,51,1,4,-1.77960301163587,-0.969199178644764,0.281998631074606,0.394250513347023,0.917180013689254,1.4072553045859,2,2,1.33333333333333,1.125,0,0,0,0,0,0,0,0,0,0,1,0,0,0,0,0,0,0,1,0,1,0,0,0,0,0,0,0,1,1,0,0,0,0,0,0,0,0
"190",13256,43,49,47,46,51,47,50,49,49,51,49,50,4,2,-1.71663244353183,-0.796714579055442,-0.145106091718001,0.457221081451061,1.01026694045175,1.64544832306639,1.33333333333333,2,0.5,0.125,1,0,1,1,1,0,0,0,0,0,0,0,0,0,0,0,0,0,1,0,1,0,0,0,0,0,0,0,0,0,0,0,0,0,0,0,0,0
"191",13284,44,47,47,51,51,51,51,50,51,51,51,51,3,2,-1.79603011635866,-1.04312114989733,-0.320328542094456,0.388774811772758,0.944558521560575,1.4154688569473,1,1.33333333333333,0.625,0.375,0,0,1,0,1,0,0,0,0,0,0,0,0,0,0,0,0,1,0,0,1,0,0,0,0,0,0,0,0,0,0,0,0,0,0,1,0,0
"192",13352,48,50,43,49,NA,NA,50,48,17,26,NA,NA,2,4,-1.75770020533881,-0.744695414099932,-0.0027378507871321,0.566735112936345,NA,NA,2,0.75,0.6,1.22222222222222,0,0,1,1,0,0,0,0,0,0,0,0,0,0,0,0,0,0,0,1,1,1,1,0,0,0,0,0,0,0,0,0,0,0,0,0,4,0
"193",13406,45,34,40,32,NA,32,44,28,23,33,33,31,4,6,-1.78781656399726,-1.04312114989733,-0.306639288158795,0.49555099247091,0.991101984941821,1.60164271047228,1,1,0.1,0.888888888888889,1,1,0,1,1,0,0,0,0,0,0,0,0,0,0,0,0,0,1,0,1,1,1,0,0,0,0,0,0,0,0,0,0,0,1,1,1,0
"194",13422,50,48,50,NA,NA,NA,49,27,0,NA,NA,NA,NA,NA,-1.78781656399726,-1.04585900068446,-0.317590691307324,NA,NA,NA,1,0.25,0,0.5,NA,NA,NA,NA,NA,NA,NA,NA,NA,NA,NA,NA,NA,NA,NA,NA,NA,NA,NA,NA,NA,NA,NA,NA,NA,NA,NA,NA,NA,NA,NA,NA,NA,NA,NA,NA,6,1
"195",13431,48,NA,NA,49,NA,48,51,NA,NA,50,50,51,3,4,-1.58521560574949,NA,NA,0.42984257357974,0.971937029431896,1.76865160848734,NA,NA,NA,NA,1,1,0,1,0,0,0,0,0,0,0,0,0,0,0,0,0,0,0,1,0,1,1,0,0,0,0,0,0,0,1,0,0,0,0,0,1,0
"196",13451,49,35,NA,NA,NA,NA,49,43,NA,NA,NA,NA,NA,NA,-1.44832306639288,-0.687200547570157,NA,NA,NA,NA,NA,NA,NA,NA,NA,NA,NA,NA,NA,NA,NA,NA,NA,NA,NA,NA,NA,NA,NA,NA,NA,NA,NA,NA,NA,NA,NA,NA,NA,NA,NA,NA,NA,NA,NA,NA,NA,NA,NA,NA,6,1
"197",13542,27,31,NA,34,25,23,34,28,NA,32,32,34,6,6,-1.57700205338809,-0.783025325119781,NA,0.421629021218344,0.936344969199179,1.53045859000684,NA,NA,NA,NA,1,1,1,0,0,0,0,0,0,0,0,0,1,1,1,0,0,0,1,1,1,1,1,0,0,0,0,0,0,0,0,1,0,0,0,0,0,0
"198",13646,49,45,41,46,40,38,49,50,49,26,47,49,1,5,-1.54962354551677,-0.761122518822724,0.0164271047227926,0.498288843258042,0.991101984941821,1.42915811088296,0.75,2,1,0.777777777777778,0,0,1,0,0,0,0,0,0,0,0,0,0,0,0,0,0,0,0,0,1,1,1,0,0,1,0,0,0,0,1,0,0,0,0,0,0,0
"199",13665,50,47,NA,48,43,45,40,49,NA,47,44,47,4,1,-1.44832306639288,-0.676249144421629,NA,0.459958932238193,1.01300479123888,1.4757015742642,NA,NA,NA,NA,1,0,0,1,0,0,0,0,1,0,0,0,0,0,0,1,0,0,0,0,0,1,0,0,0,0,0,0,0,0,0,0,0,0,0,0,0,0
"200",13692,50,50,49,51,50,51,48,47,45,50,47,50,7,4,-1.56605065023956,-0.752908966461328,-0.0848733744010951,0.364134154688569,0.930869267624914,1.40999315537303,1.75,1.25,0,0.125,1,0,1,1,1,0,0,0,0,0,1,0,0,0,0,0,1,1,0,0,1,0,1,0,0,0,0,0,1,0,0,0,0,0,0,1,0,0
"201",13721,51,NA,NA,NA,NA,NA,44,NA,NA,NA,NA,NA,NA,NA,-1.59342915811088,NA,NA,NA,NA,NA,NA,NA,NA,NA,NA,NA,NA,NA,NA,NA,NA,NA,NA,NA,NA,NA,NA,NA,NA,NA,NA,NA,NA,NA,NA,NA,NA,NA,NA,NA,NA,NA,NA,NA,NA,NA,NA,NA,NA,NA,6,1
"202",13766,50,51,51,51,50,43,51,51,51,51,51,33,7,11,-1.5523613963039,-0.772073921971253,-0.0082135523613963,0.344969199178645,0.928131416837782,1.42642026009582,1,1,1.83333333333333,0.875,1,0,1,1,1,0,0,0,0,0,0,0,1,0,0,0,1,1,1,0,1,1,1,0,0,1,0,0,0,0,1,1,1,1,1,1,0,0
"203",13823,49,50,NA,48,50,42,49,43,NA,50,38,39,1,5,-1.60438056125941,-0.665297741273101,NA,0.563997262149213,1.0321697467488,1.5605749486653,NA,NA,NA,NA,1,0,0,0,0,0,0,0,0,0,0,0,0,0,0,0,0,0,1,0,1,1,1,0,0,0,1,0,0,0,0,0,0,0,0,0,0,0
"204",13840,51,49,50,49,45,46,51,51,51,51,51,51,4,0,-1.50855578370979,-0.739219712525667,0.0246406570841889,0.388774811772758,0.944558521560575,1.44558521560575,2,1.66666666666667,0.555555555555556,0.222222222222222,0,1,0,1,1,0,0,0,0,0,0,0,0,0,0,0,0,1,0,0,0,0,0,0,0,0,0,0,0,0,0,0,0,0,0,0,0,0
"205",13841,46,NA,NA,NA,NA,NA,46,NA,NA,NA,NA,NA,NA,NA,-1.50855578370979,NA,NA,NA,NA,NA,NA,NA,NA,NA,NA,NA,NA,NA,NA,NA,NA,NA,NA,NA,NA,NA,NA,NA,NA,NA,NA,NA,NA,NA,NA,NA,NA,NA,NA,NA,NA,NA,NA,NA,NA,NA,NA,NA,NA,NA,6,1
"206",13846,46,34,NA,NA,NA,NA,43,36,NA,NA,NA,NA,NA,NA,-1.46748802190281,-0.700889801505818,NA,NA,NA,NA,NA,NA,NA,NA,NA,NA,NA,NA,NA,NA,NA,NA,NA,NA,NA,NA,NA,NA,NA,NA,NA,NA,NA,NA,NA,NA,NA,NA,NA,NA,NA,NA,NA,NA,NA,NA,NA,NA,NA,NA,6,1
"207",13921,43,35,NA,34,NA,NA,39,45,NA,45,45,43,3,2,-1.45106091718001,-0.648870636550308,NA,0.648870636550308,1.05133470225873,1.76865160848734,NA,NA,NA,NA,0,0,1,0,0,0,0,0,0,0,0,0,0,0,0,0,1,1,0,0,0,0,0,0,0,0,0,0,0,0,0,0,0,0,1,1,2,0
"208",13974,50,50,50,42,46,47,47,38,40,40,37,44,3,4,-1.56605065023956,-0.766598220396988,-0.0054757015742642,0.479123887748118,1.07871321013005,1.57973990417522,2,2,0.444444444444444,1,0,0,0,1,1,0,0,0,0,0,0,0,0,0,0,1,0,0,0,0,1,1,1,0,0,0,0,0,0,0,0,0,0,1,0,0,0,0
"209",14004,51,51,NA,29,NA,NA,49,49,21,34,21,42,2,4,-1.60438056125941,-0.692676249144422,-0.10403832991102,0.446269678302533,0.971937029431896,1.62628336755647,NA,2,NA,0.285714285714286,0,0,0,0,0,0,0,0,0,0,0,0,0,0,0,0,1,1,1,0,1,0,0,0,0,0,0,0,0,0,0,0,0,0,1,1,2,0
"210",14006,51,51,NA,51,50,47,44,49,NA,43,35,36,4,0,-1.44832306639288,-0.654346338124572,NA,0.451745379876797,0.955509924709103,1.45106091718001,NA,NA,NA,NA,0,0,1,1,0,0,0,0,1,0,1,0,0,0,0,0,0,0,0,0,0,0,0,0,0,0,0,0,0,0,0,0,0,0,0,0,0,0
"211",14060,48,NA,45.5555555555556,42,42,33,46,NA,40,45,45,42,1,2,-1.58521560574949,NA,-0.082135523613963,0.369609856262834,0.928131416837782,1.40999315537303,1,1.33333333333333,1.11111111111111,0.888888888888889,0,NA,0,1,NA,0,0,0,0,0,0,0,0,0,0,0,0,0,NA,NA,0,1,1,0,0,0,0,0,0,0,0,0,0,0,0,0,0,0
"212",14149,48,48,48,50,50,46,46,47,45,49,44,47,1,1,-1.61533196440794,-0.80766598220397,-0.11772758384668,0.369609856262834,0.928131416837782,1.41273100616016,1.5,1.25,0,1.2,0,0,1,0,0,0,0,0,0,0,0,0,0,0,0,0,0,0,0,0,0,1,0,0,0,0,0,0,0,0,0,0,0,0,0,0,0,0
"213",14236,44,NA,NA,NA,NA,NA,46,NA,NA,NA,NA,NA,NA,NA,-1.44832306639288,NA,NA,NA,NA,NA,NA,NA,NA,NA,NA,NA,NA,NA,NA,NA,NA,NA,NA,NA,NA,NA,NA,NA,NA,NA,NA,NA,NA,NA,NA,NA,NA,NA,NA,NA,NA,NA,NA,NA,NA,NA,NA,NA,NA,NA,6,1
"214",14287,33,32,37,51,43,43,50,45,49,44,45,41,5,1,-1.48939082819986,-0.640657084188912,-0.0328542094455852,0.591375770020534,0.991101984941821,1.46748802190281,1,1,0.8,0.714285714285714,1,0,1,1,0,0,0,0,0,0,0,0,0,1,1,0,0,0,0,0,1,0,0,0,0,0,0,0,0,0,0,0,0,0,0,0,0,0
"215",14314,34,40,40,49,NA,NA,50,45,43,44,41,39,3,3,-1.58247775496235,-0.698151950718686,-0.0739219712525667,0.626967830253251,1.13073237508556,1.76865160848734,1,2,0.25,0.5,0,0,1,1,0,0,0,0,0,0,1,0,0,0,0,0,0,0,1,0,1,1,0,0,0,0,0,0,0,0,0,0,0,0,0,0,2,0
"216",14375,49,49,51,45,50,50,30,45,48,35,50,49,3,6,-1.61806981519507,-0.835044490075291,-0.0903490759753593,0.342231348391513,0.928131416837782,1.4072553045859,2,0.333333333333333,0.125,0.125,0,0,0,1,1,0,0,0,0,0,0,0,1,0,0,0,0,0,0,0,1,1,1,0,0,0,0,0,0,0,1,1,1,0,0,0,0,0
"217",14392,50,49,49,NA,NA,NA,47,43,41,37,49,44,NA,5,-1.60164271047228,-0.75564681724846,-0.0219028062970568,0.553045859000684,1.02395619438741,1.76865160848734,2,2,0.222222222222222,0.5,NA,NA,NA,NA,NA,NA,NA,NA,NA,NA,NA,NA,NA,NA,NA,NA,NA,NA,0,1,0,1,1,0,0,0,0,0,0,0,0,0,0,0,1,1,3,0
"218",14393,43,47.7777777777778,43,49,24,47,44,43,35,40,39,49,6,1,-1.58521560574949,-0.706365503080082,-0.0492813141683778,0.42984257357974,1.01574264202601,1.53045859000684,2,1.25,0.7,0.777777777777778,1,0,1,1,1,0,0,1,1,0,0,0,0,0,0,0,0,0,0,0,1,0,0,0,0,0,0,0,0,0,0,0,0,0,0,0,0,0
"219",14437,41,44,NA,41,41,41,44,41,NA,46,39,42,5,2,-1.43189596167009,-0.681724845995893,NA,0.49555099247091,0.993839835728953,1.52772073921971,NA,NA,NA,NA,1,0,1,1,0,0,0,0,0,1,0,0,1,0,0,0,0,0,0,0,0,1,1,0,0,0,0,0,0,0,0,0,0,0,0,0,0,0
"220",14463,41,42,NA,NA,NA,NA,44,41,NA,NA,NA,NA,NA,NA,-1.60164271047228,-0.815879534565366,NA,NA,NA,NA,NA,NA,NA,NA,NA,NA,NA,NA,NA,NA,NA,NA,NA,NA,NA,NA,NA,NA,NA,NA,NA,NA,NA,NA,NA,NA,NA,NA,NA,NA,NA,NA,NA,NA,NA,NA,NA,NA,NA,NA,6,1
"221",14469,42,45,NA,44,49,49,41,44,NA,38,45,43,3,5,-1.49760438056126,-0.769336071184121,NA,0.435318275154004,0.933607118412047,1.68104038329911,NA,NA,NA,NA,1,0,1,0,0,0,0,0,0,0,0,1,0,0,0,0,0,0,0,0,1,0,1,0,0,1,0,0,0,0,0,0,0,0,1,1,0,0
"222",14494,49,50,NA,50,50,51,37,43,NA,33,20,36,12,14,-1.53867214236824,-0.678986995208761,NA,0.396988364134155,0.936344969199179,1.53319644079398,NA,NA,NA,NA,1,0,1,0,0,0,0,1,1,1,1,1,1,1,1,0,1,1,0,0,1,1,1,0,0,1,1,1,1,1,1,1,1,1,1,1,0,0
"223",14511,43,43,NA,41,1,31,41,33,NA,31,22,32,3,2,-1.60164271047228,-0.668035592060233,NA,0.632443531827515,1.01300479123888,1.72484599589322,NA,NA,NA,NA,1,0,1,1,0,0,0,0,0,0,0,0,0,0,0,0,0,0,0,0,1,1,0,0,0,0,0,0,0,0,0,0,0,0,0,0,0,0
"224",14585,51,51,NA,51,51,51,45,36,NA,49,45,42,2,2,-1.49486652977413,-0.739219712525667,NA,0.435318275154004,0.950034223134839,1.42642026009582,NA,NA,NA,NA,0,0,1,1,0,0,0,0,0,0,0,0,0,0,0,0,0,0,0,0,1,1,0,0,0,0,0,0,0,0,0,0,0,0,0,0,0,0
"225",14606,36,NA,NA,NA,NA,NA,23,NA,NA,NA,NA,NA,NA,NA,-1.48665297741273,NA,NA,NA,NA,NA,NA,NA,NA,NA,NA,NA,NA,NA,NA,NA,NA,NA,NA,NA,NA,NA,NA,NA,NA,NA,NA,NA,NA,NA,NA,NA,NA,NA,NA,NA,NA,NA,NA,NA,NA,NA,NA,NA,NA,NA,6,1
"226",14615,47,48,47,49,50,49,49,49,49,50,50,50,9,5,-1.58521560574949,-0.761122518822724,-0.0054757015742642,0.369609856262834,0.9637234770705,1.4072553045859,2,1,0.888888888888889,0.555555555555556,0,0,1,1,1,0,0,0,0,0,1,1,0,1,1,1,0,1,0,0,1,1,1,0,0,0,0,0,0,1,0,0,0,0,0,1,0,0
"227",14686,48,49,NA,49,50,47,49,46,NA,48,NA,47,0,3,-1.54140999315537,-0.706365503080082,NA,0.643394934976044,NA,1.71937029431896,NA,NA,NA,NA,0,0,0,0,0,0,0,0,0,0,0,0,0,0,0,0,0,0,1,0,1,1,0,0,0,0,0,0,0,0,0,0,0,0,0,0,1,0
"228",14748,50,44,49,50,46,47,45,46,47,43,46,47,2,4,-1.60164271047228,-0.804928131416838,-0.106776180698152,0.396988364134155,0.933607118412047,1.44558521560575,2,2,0.555555555555556,1.22222222222222,0,0,1,0,0,0,0,0,0,0,0,0,0,0,0,0,0,1,1,0,1,0,1,0,0,NA,0,0,0,0,0,0,0,0,0,1,0,0
"229",14811,50,49,48,47,45,47,49,49,49,49,49,49,4,3,-1.60438056125941,-0.788501026694045,-0.0657084188911704,0.416153319644079,0.928131416837782,1.4072553045859,2,2,0.333333333333333,0.666666666666667,0,1,1,0,0,0,0,0,0,1,0,1,0,0,0,0,0,0,0,1,0,1,1,0,0,0,0,0,0,0,0,0,0,0,0,0,0,0
"230",14889,48,49,49,NA,NA,NA,45,48,37,NA,NA,NA,NA,NA,-1.53867214236824,-0.676249144421629,-0.0383299110198494,NA,NA,NA,0.75,0.75,0.333333333333333,0.5,NA,NA,NA,NA,NA,NA,NA,NA,NA,NA,NA,NA,NA,NA,NA,NA,NA,NA,NA,NA,NA,NA,NA,NA,NA,NA,NA,NA,NA,NA,NA,NA,NA,NA,NA,NA,6,1
"231",14912,50,49,49,46,46,45,48,50,49,36,50,20,3,4,-1.60164271047228,-0.810403832991102,-0.0027378507871321,0.37782340862423,0.933607118412047,1.40999315537303,2,2,0.25,0,0,1,1,0,1,0,0,0,0,0,0,0,0,0,0,0,0,0,0,1,1,1,1,0,0,0,0,0,0,0,0,0,0,0,0,0,0,0
